CREATE DATABASE  IF NOT EXISTS `information_form` /*!40100 DEFAULT CHARACTER SET utf8mb4 COLLATE utf8mb4_0900_ai_ci */ /*!80016 DEFAULT ENCRYPTION='N' */;
USE `information_form`;
-- MySQL dump 10.13  Distrib 8.0.42, for Win64 (x86_64)
--
-- Host: test.c320osnueota.ap-south-1.rds.amazonaws.com    Database: information_form
-- ------------------------------------------------------
-- Server version	8.0.39

/*!40101 SET @OLD_CHARACTER_SET_CLIENT=@@CHARACTER_SET_CLIENT */;
/*!40101 SET @OLD_CHARACTER_SET_RESULTS=@@CHARACTER_SET_RESULTS */;
/*!40101 SET @OLD_COLLATION_CONNECTION=@@COLLATION_CONNECTION */;
/*!50503 SET NAMES utf8 */;
/*!40103 SET @OLD_TIME_ZONE=@@TIME_ZONE */;
/*!40103 SET TIME_ZONE='+00:00' */;
/*!40014 SET @OLD_UNIQUE_CHECKS=@@UNIQUE_CHECKS, UNIQUE_CHECKS=0 */;
/*!40014 SET @OLD_FOREIGN_KEY_CHECKS=@@FOREIGN_KEY_CHECKS, FOREIGN_KEY_CHECKS=0 */;
/*!40101 SET @OLD_SQL_MODE=@@SQL_MODE, SQL_MODE='NO_AUTO_VALUE_ON_ZERO' */;
/*!40111 SET @OLD_SQL_NOTES=@@SQL_NOTES, SQL_NOTES=0 */;
SET @MYSQLDUMP_TEMP_LOG_BIN = @@SESSION.SQL_LOG_BIN;
SET @@SESSION.SQL_LOG_BIN= 0;

--
-- GTID state at the beginning of the backup 
--

SET @@GLOBAL.GTID_PURGED=/*!80000 '+'*/ '';

--
-- Table structure for table `api_logs`
--

DROP TABLE IF EXISTS `api_logs`;
/*!40101 SET @saved_cs_client     = @@character_set_client */;
/*!50503 SET character_set_client = utf8mb4 */;
CREATE TABLE `api_logs` (
  `id` int NOT NULL AUTO_INCREMENT,
  `api_name` varchar(255) NOT NULL,
  `request_body` json DEFAULT NULL,
  `response_body` json DEFAULT NULL,
  `created_at` datetime DEFAULT CURRENT_TIMESTAMP,
  `ip_address` varchar(45) DEFAULT NULL,
  `location` varchar(255) DEFAULT NULL,
  `user_agent` text,
  `os` varchar(100) DEFAULT NULL,
  `browser` varchar(100) DEFAULT NULL,
  PRIMARY KEY (`id`)
) ENGINE=InnoDB AUTO_INCREMENT=344 DEFAULT CHARSET=utf8mb4 COLLATE=utf8mb4_0900_ai_ci;
/*!40101 SET character_set_client = @saved_cs_client */;

--
-- Dumping data for table `api_logs`
--

LOCK TABLES `api_logs` WRITE;
/*!40000 ALTER TABLE `api_logs` DISABLE KEYS */;
INSERT INTO `api_logs` VALUES (164,'/api/v1/admin/get-admins','{}','{\"admins\": [{\"id\": 1, \"phone_number\": \"8076626273\"}, {\"id\": 4, \"phone_number\": \"8888888888\"}, {\"id\": 2, \"phone_number\": \"9999999999\"}]}','2025-07-04 19:47:29','::ffff:157.48.92.247','','PostmanRuntime/7.44.1','',''),(165,'/api/v1/candidate/submit-responses','{\"data\": \"U2FsdGVkX1+Oxbx13yZWXNGlpXFbiummtvq0Q3L1pPxIy7buAJ5zXbKQNCSLRauvIYvrdBmkzMYtfUWb5ftJ3ZDQsNd/YYW6GYOcGvSil7ew3ESLRNoQzCa662xeah37hMlCUq4P3kEmS5AEv9aRoSiwH3ABsGbCfENbZd3BPfYL52ImHMc7cvrMqD1PnWRPqosU7oKZZcd77DtmaN1s8DDSl191t5O5y9n4n1RB9X9bjd9Efn0Fk+ivjsiyiucMLLc0v706mFlcx6h77ZNOc3C22isyENbgHZMWqDpIK7+UGd9OgXVDEDmzqSP277NPz2w26JZ1d13GoI0jl0m4GGNTb4pqzMnu/ABmx8q8tXUDedZC7poM3HKJv7gyjPjAjqAwtbhYEr4KPF2ZLpAvNQJQTQxjeDbjbO8TU+SAab3tJaB7N/vHjzq0tvpOLB6hNe1l9eh3K6P68CGwWkJysBnrlpzupDQJVa1MTX+fDTf4ctnH0LgHXVlQG0XwJOSjUh2cbcTDKGYf9hSmUgREnbjaUeQGkHAxs3beVwKvbbEFcptZsCYsAg91I2LpT0wcuZLvVW16ORKJNfiKpSRN5t6WrG81G0yDY8vEuIrE+FbM/4IJCmTHbZPOP8JKudLac/ViHHBJRNXsqbH5DXmE6STeyNfso8GhKmjA/48ekaEA8gzjlCRqis939emgQiES2fks8UVVZdec3owZDeLtKH4nr1lrD6jH9ylqS0+dBCS/emj7y6LbHwvY6SxHopafM70HoPxFOmKA1nG1LdUm49zMwh4ridZY8WXyck0ZtKwSPSA8hhpPAbWuAkKYURgmYf9DOUSOhPuZUHDaYcZSFl8gePqGSUKb2bstgSiYSwlErJOsdVBGHLLp9WvdUw/wUe1CBTYILSJp+jD1sIxjAQB7HEzecin2t8zH/9oqIpIbBy+m39N87tBPm01kJiBcoT4YgUZUBY0VbliK+XwccTeatHMUreJM1d/cin3E9yZd9jXVt4Y2JeYTl5OfKg61Ng5n41n/qOuX9SMMGZnFmeTAAceISpc/Kju7TYqcUivbH/RObldRz20u9me850t48hVtb3aS4x7ylociQW0U8Z6FfQiPAFnFTdPgXo2bRkoVDnNHERVg8DKH2QViCFwnTKRimXVM14yxf1inFjPg3GV5vNHaOIDJxRWkQQCcN4Y7mABJzcdnB35JSpkgGCe116YYwCMl3K1W5bbobk8t/PQp78s3PLx+bo1Wg7sszMd+kVwz1YmfxlHAaOV0cwqg+RABIls83Qkcm9z8AZf76ktnO6B4m41j5He1Bf24emMn5kdlz39vNnnqSfmiKycIVoOHBWYm2zSWN+CCxl79K/AG0ZFtUfSzYF0qGQHGg+5JkW9xDlgLUA6oLybcRMntk8nyJsRttHoHJl6SVyowXODeeHPf83Ccw3whV0F6Y3Lwo50yWB7XVKLWDewKoiSwgD23Ls182kpQdMeiQo9MCoHuxpaca+CsggCKhr8fqk+1ddpGUB8zT63zl2qdGxM/l9KyuxXE5Pk57ReXc/jb8zDip2Njal6NVgfAmNHH16OR5x0JpndFb5S8Qg6Sdy9S+02Jcw44bYc+Aoj48GMIB0olzVpzFWkxtsl1tsqgPk65LnAHRz2nu26ir8CYj6Jus94wwUpj+kpn5wlHi+ILHh5NgqS1ON9G0W3Kma5eGEQhc13O3yw5YcKrm6AujijPwlgmCaUx6sqETSrKw8xRtIwm5/S+80mC1I8axRXp2Vs0b4Fq+sdmD08+jYWPMi0EaLj3i5XZc+FHRcV/OnXaqAVJQzkVOnjS4HdjAo0Id2jFPOS4z7ZiPzvKVhjQvRd8D+cFGZQl06UT2+LDxsjP9fxSqBNEud1qvSzxNUg22VegjxHnnS70bi59gsIUo6DXiIf81SRJHEKbibg8HgfgiOJrHt1QXzx94bzcXTKKbu2Oqe3hJd189/hajv3E17hXuGEAbftk5UFouGKJdzvcOokexgjZlF7Qd1aIl9dutPC7Ud0x58ZAzpncPiZkBvER6SaV2aDsLH+piWUDZ+LjgGQG5z/Dvv1qmVZHQySlulq2c5k8/E/MyB2bhm4oBKx3\"}','{\"message\": \"Responses submitted successfully\"}','2025-07-04 21:31:52','::ffff:157.48.92.247','','Mozilla/5.0 (Windows NT 10.0; Win64; x64) AppleWebKit/537.36 (KHTML, like Gecko) Chrome/138.0.0.0 Safari/537.36 Edg/138.0.0.0','Windows','Edge'),(166,'/api/v1/admin/login-admins','{\"phone\": \"8076626273\", \"password\": \"Shashant@123\"}','{\"adminId\": 1, \"message\": \"Login successful\", \"success\": true}','2025-07-04 21:41:44','::ffff:157.48.92.247','','Mozilla/5.0 (Windows NT 10.0; Win64; x64) AppleWebKit/537.36 (KHTML, like Gecko) Chrome/138.0.0.0 Safari/537.36','Windows','Chrome'),(167,'/api/v1/admin/get-admins','{\"headers\": {\"Authorization\": \"Bearer \"}}','{\"admins\": [{\"id\": 1, \"phone_number\": \"8076626273\"}, {\"id\": 4, \"phone_number\": \"8888888888\"}, {\"id\": 2, \"phone_number\": \"9999999999\"}]}','2025-07-04 21:41:52','::ffff:157.48.92.247','','Mozilla/5.0 (Windows NT 10.0; Win64; x64) AppleWebKit/537.36 (KHTML, like Gecko) Chrome/138.0.0.0 Safari/537.36','Windows','Chrome'),(168,'/api/v1/admin/login-admins','{\"phone\": \"8076626273\", \"password\": \"Shashant@123\"}','{\"adminId\": 1, \"message\": \"Login successful\", \"success\": true}','2025-07-04 21:45:35','::ffff:157.48.92.247','','Mozilla/5.0 (Windows NT 10.0; Win64; x64) AppleWebKit/537.36 (KHTML, like Gecko) Chrome/138.0.0.0 Safari/537.36','Windows','Chrome'),(169,'/api/v1/admin/login-admins','{\"phone\": \"8076626273\", \"password\": \"Shashant@123\"}','{\"adminId\": 1, \"message\": \"Login successful\", \"success\": true}','2025-07-04 21:45:52','::ffff:157.48.92.247','','Mozilla/5.0 (Windows NT 10.0; Win64; x64) AppleWebKit/537.36 (KHTML, like Gecko) Chrome/138.0.0.0 Safari/537.36','Windows','Chrome'),(170,'/api/v1/admin/login-admins','{\"phone\": \"8076626273\", \"password\": \"Shashant@123\"}','{\"adminId\": 1, \"message\": \"Login successful\", \"success\": true}','2025-07-04 21:48:09','::ffff:157.48.92.247','','Mozilla/5.0 (Windows NT 10.0; Win64; x64) AppleWebKit/537.36 (KHTML, like Gecko) Chrome/138.0.0.0 Safari/537.36','Windows','Chrome'),(171,'/api/v1/admin/login-admins','{\"phone\": \"8076626273\", \"password\": \"Shashant@123\"}','{\"adminId\": 1, \"message\": \"Login successful\", \"success\": true}','2025-07-04 21:51:06','::ffff:157.48.92.247','','Mozilla/5.0 (Windows NT 10.0; Win64; x64) AppleWebKit/537.36 (KHTML, like Gecko) Chrome/138.0.0.0 Safari/537.36','Windows','Chrome'),(172,'/api/v1/admin/login-admins','{\"phone\": \"8076626273\", \"password\": \"Shashant@123\"}','{\"adminId\": 1, \"message\": \"Login successful\", \"success\": true}','2025-07-05 02:53:28','::ffff:157.48.95.172','','Mozilla/5.0 (Linux; Android 10; K) AppleWebKit/537.36 (KHTML, like Gecko) Chrome/137.0.0.0 Mobile Safari/537.36','Android','Mobile Chrome'),(173,'/api/v1/candidate/submit-responses','{\"data\": \"U2FsdGVkX19pq9xk6KSWY0PR20168kL8CX1No7hIMBFSFLFLzaLT4Aa5rqmb9/l2Ozsir3RRpCn3ajST0UjDEX5C1uupS1ZfMjiFwr7na8S5PmYV/kqT/WeVruLxsUeswS/dQwUaqxx65tLAphTKzCwO4tv0UTynzbILSxPneZmBGttlRQDf1tT0I3d9jBJKLOI+235IRkRUI93nTRaCQxcsUXK60QkJOXKhE2lvsirCfvwJjcmezzv7tXsyHvKHFCqrqGm2ezEpBS726p9eDinnX9je8stf0epgxCo0hAKvhwIyY3oHcufsgls6k7eUSuujpVpls1m8lPhLtE4qisYxVXAQTx/o0K3/3KEC9BKL8d3bWF8eNmDA8e7+Xi+eqeb0c8EyxDClOmp2/hUnGBL+tfAbvci1IoaK+sicNPBFrw2lwc78ivWyzq8bjA6AreNm9kqS52TV/fGJONdRdyLVtAGHh1eI/iN9ngoGe8/EGGKg3Sdx4Bs8cDHvBiKL+53bLncHkAA2ct+FYcdbocIiui1+jD/5ye4izC9dYkf4Px1pb+c9ObWTnI1GAdnWYo6J0B6nNSIzMJNFHVlww62w1QfhDlxkTUSQTBFGADxWWVNCWU9smTOInnLm++roCbYT38U24kKhlZK0hYfW2ER4v76zA0PlDku+V3MzzqNJaQUBMZjHCi4aMdU4w84IIxJbReW9+IBTFnz7XkbEcHQ1ISQqOI/Pkc3CZRW8TLWUsI9hr3CfHGQgEp2UFtJlwUg7Ad+hddbbuiuY8DuheMoMhsIimYblQcTxRuvopdohdWzJHPwDnOvyx4ejTEckKsgmDqDLmQ4n9DVU5UJ2+pgBYrXruBJvRgfQ5/WTs9h5Bu32IbMM/3M3/jFR40J4rxC4Kl+TVOgv2kq2S1aSro6+hhGPXnQy8l/GN39R3NhQVMqjuyTPLpLkJYKBPr64eBfzNB+I+NrmwE3XvCB3P/mu4t2jlpaoszZSjyb+3337uPqioE3rmYZlxkDp4kYFUWHhY7QPppJL6dL6QrdhoimFUqFyE8oTsFSbHSrQVbD5TAPDJdTW1szuIW2QdY2/xxriOebCObg+h3HWsmw0JO5riEu4SpR6hKwivEhJ/rC8TF92vLEd466nI5haxliJlmbbJkIgZdpfktqltOMWiq1c1BAeL/nKAIoToB6+fsH5d7tfm9SyAkp38zuLn3pBs/mX5xRoMaHSqUCjgE2JGWPyCJEP3Hkt2disUS1NoaaFckRfUqHO+Vfy6UiixYfPuo6GbpxEum/S9yTkDqY/gkYqh1HyB7ha4uCILjR3XZIRcobZUUBJhDaFEIms2JedUsggbjLUIoFQSm3Y+lAdQMhQzfcjoohOO23X3wpFsR7wBc5qJptVoyf1MKo5Wt+0hX8KxR71SFu7Swv36wdPaZdXIUkNxcFJu7gE2yzxYRKvAZn/5oPmtrkbT/rbHKPdKu4PGgstunQwi/ZZQDHCAco63dXFRz1EXXajk+h2ZsDbhAB0srtV9Komto38aBOW9MtMlR8ujopS51/Tixhw1due35GQQi+48dsGyIE7ySYPGAWI7vVTwF5leyTZTEDxZoPBes2s4Z49pHX2khFGVVdNnHJb+wP7vCT94QI9kGIX+tx4+6TL8q1chlfBcjwPKjNUdD6FY8WB5tTY/AS+KZbmc/dTSmwotQVyY5/+pj+m5yBwKkK1BjEt2/vqZuZUtj1E2BRu/ZI+7YHOsaPQwVRUFWzUbgg0LV2VTO0lgBKAIXLXVRHIbL4tbM2xByiP2i4GDNPtaUFVFfIvM6eOFgYtzEeu5EfzBc0Bjfi41fvXrWz46td2zs1fE1AUVaDhNZxicijs31C+2hCsxTxKSqIGO5NCR1Kk4aye0a60yqH4pAV65m+W4SqODYlJr/bXh0QJes66QRo1XKi8em/7JsMgPyILkOL4Pk2N5G/98PQxeA/WM0i61BeOBeg/zANdluT5b+a6QeISQv6xfk/dZ5aXsfdixPeYTOiIebRU9pW/TJ5wVvWEMFxW8C8H/jXmJ+xWpuwSs4CTi3WRdaqmm8yZxY2pP3cl0vHohcOIZGStByd8rn24Sa8EoDNSmhBR\"}','{\"message\": \"Responses submitted successfully\"}','2025-07-05 03:49:31','::ffff:164.100.145.17','','Mozilla/5.0 (Windows NT 10.0; Win64; x64) AppleWebKit/537.36 (KHTML, like Gecko) Chrome/138.0.0.0 Safari/537.36','Windows','Chrome'),(174,'/api/v1/admin/login-admins','{\"phone\": \"8076626273\", \"password\": \"Shashant@123\"}','{\"adminId\": 1, \"message\": \"Login successful\", \"success\": true}','2025-07-05 03:50:02','::ffff:164.100.145.17','','Mozilla/5.0 (Windows NT 10.0; Win64; x64) AppleWebKit/537.36 (KHTML, like Gecko) Chrome/138.0.0.0 Safari/537.36','Windows','Chrome'),(175,'/api/v1/admin/get-admins','{\"headers\": {\"Authorization\": \"Bearer \"}}','{\"admins\": [{\"id\": 1, \"phone_number\": \"8076626273\"}, {\"id\": 4, \"phone_number\": \"8888888888\"}, {\"id\": 2, \"phone_number\": \"9999999999\"}]}','2025-07-05 03:50:37','::ffff:164.100.145.17','','Mozilla/5.0 (Windows NT 10.0; Win64; x64) AppleWebKit/537.36 (KHTML, like Gecko) Chrome/138.0.0.0 Safari/537.36','Windows','Chrome'),(176,'/api/v1/admin/delete-admin','{\"adminId\": 2}','{\"message\": \"Admin deleted successfully\"}','2025-07-05 03:50:41','::ffff:164.100.145.17','','Mozilla/5.0 (Windows NT 10.0; Win64; x64) AppleWebKit/537.36 (KHTML, like Gecko) Chrome/138.0.0.0 Safari/537.36','Windows','Chrome'),(177,'/api/v1/admin/get-admins','{\"headers\": {\"Authorization\": \"Bearer \"}}','{\"admins\": [{\"id\": 1, \"phone_number\": \"8076626273\"}, {\"id\": 4, \"phone_number\": \"8888888888\"}]}','2025-07-05 03:50:41','::ffff:164.100.145.17','','Mozilla/5.0 (Windows NT 10.0; Win64; x64) AppleWebKit/537.36 (KHTML, like Gecko) Chrome/138.0.0.0 Safari/537.36','Windows','Chrome'),(178,'/api/v1/admin/create-admin','{\"phone\": \"7291840229\", \"password\": \"spidy\"}','{\"message\": \"Admin created successfully\"}','2025-07-05 03:50:57','::ffff:164.100.145.17','','Mozilla/5.0 (Windows NT 10.0; Win64; x64) AppleWebKit/537.36 (KHTML, like Gecko) Chrome/138.0.0.0 Safari/537.36','Windows','Chrome'),(179,'/api/v1/admin/get-admins','{\"headers\": {\"Authorization\": \"Bearer \"}}','{\"admins\": [{\"id\": 5, \"phone_number\": \"7291840229\"}, {\"id\": 1, \"phone_number\": \"8076626273\"}, {\"id\": 4, \"phone_number\": \"8888888888\"}]}','2025-07-05 03:50:57','::ffff:164.100.145.17','','Mozilla/5.0 (Windows NT 10.0; Win64; x64) AppleWebKit/537.36 (KHTML, like Gecko) Chrome/138.0.0.0 Safari/537.36','Windows','Chrome'),(180,'/api/v1/admin/login-admins','{\"phone\": \"7291840229\", \"password\": \"spidy\"}','{\"adminId\": 5, \"message\": \"Login successful\", \"success\": true}','2025-07-05 03:51:15','::ffff:164.100.145.17','','Mozilla/5.0 (Windows NT 10.0; Win64; x64) AppleWebKit/537.36 (KHTML, like Gecko) Chrome/138.0.0.0 Safari/537.36','Windows','Chrome'),(181,'/api/v1/admin/get-admins','{\"headers\": {\"Authorization\": \"Bearer \"}}','{\"admins\": [{\"id\": 5, \"phone_number\": \"7291840229\"}, {\"id\": 1, \"phone_number\": \"8076626273\"}, {\"id\": 4, \"phone_number\": \"8888888888\"}]}','2025-07-05 03:51:19','::ffff:164.100.145.17','','Mozilla/5.0 (Windows NT 10.0; Win64; x64) AppleWebKit/537.36 (KHTML, like Gecko) Chrome/138.0.0.0 Safari/537.36','Windows','Chrome'),(182,'/api/v1/admin/delete-admin','{\"adminId\": 5}','{\"message\": \"Admin deleted successfully\"}','2025-07-05 03:51:47','::ffff:164.100.145.17','','Mozilla/5.0 (Windows NT 10.0; Win64; x64) AppleWebKit/537.36 (KHTML, like Gecko) Chrome/138.0.0.0 Safari/537.36','Windows','Chrome'),(183,'/api/v1/admin/get-admins','{\"headers\": {\"Authorization\": \"Bearer \"}}','{\"admins\": [{\"id\": 1, \"phone_number\": \"8076626273\"}, {\"id\": 4, \"phone_number\": \"8888888888\"}]}','2025-07-05 03:51:47','::ffff:164.100.145.17','','Mozilla/5.0 (Windows NT 10.0; Win64; x64) AppleWebKit/537.36 (KHTML, like Gecko) Chrome/138.0.0.0 Safari/537.36','Windows','Chrome'),(184,'/api/v1/admin/delete-admin','{\"adminId\": 4}','{\"message\": \"Admin deleted successfully\"}','2025-07-05 03:51:49','::ffff:164.100.145.17','','Mozilla/5.0 (Windows NT 10.0; Win64; x64) AppleWebKit/537.36 (KHTML, like Gecko) Chrome/138.0.0.0 Safari/537.36','Windows','Chrome'),(185,'/api/v1/admin/get-admins','{\"headers\": {\"Authorization\": \"Bearer \"}}','{\"admins\": [{\"id\": 1, \"phone_number\": \"8076626273\"}]}','2025-07-05 03:51:49','::ffff:164.100.145.17','','Mozilla/5.0 (Windows NT 10.0; Win64; x64) AppleWebKit/537.36 (KHTML, like Gecko) Chrome/138.0.0.0 Safari/537.36','Windows','Chrome'),(186,'/api/v1/admin/login-admins','{\"phone\": \"8076626273\", \"password\": \"Shashant@123\"}','{\"adminId\": 1, \"message\": \"Login successful\", \"success\": true}','2025-07-05 04:09:51','::ffff:164.100.145.17','','Mozilla/5.0 (Windows NT 10.0; Win64; x64) AppleWebKit/537.36 (KHTML, like Gecko) Chrome/138.0.0.0 Safari/537.36','Windows','Chrome'),(187,'/api/v1/admin/login-admins','{\"phone\": \"8076626273\", \"password\": \"Shashant@123\"}','{\"adminId\": 1, \"message\": \"Login successful\", \"success\": true}','2025-07-07 04:43:01','::ffff:164.100.145.27','','Mozilla/5.0 (Linux; Android 10; K) AppleWebKit/537.36 (KHTML, like Gecko) Chrome/137.0.0.0 Mobile Safari/537.36','Android','Mobile Chrome'),(188,'/api/v1/admin/login-admins','{\"phone\": \"8076626273\", \"password\": \"Shashant@123\"}','{\"adminId\": 1, \"message\": \"Login successful\", \"success\": true}','2025-07-07 04:46:01','::ffff:223.233.123.24','','Mozilla/5.0 (Windows NT 10.0; Win64; x64) AppleWebKit/537.36 (KHTML, like Gecko) Chrome/138.0.0.0 Safari/537.36','Windows','Chrome'),(189,'/api/v1/admin/get-admins','{\"headers\": {\"Authorization\": \"Bearer \"}}','{\"admins\": [{\"id\": 1, \"phone_number\": \"8076626273\"}]}','2025-07-07 04:47:19','::ffff:223.233.123.24','','Mozilla/5.0 (Windows NT 10.0; Win64; x64) AppleWebKit/537.36 (KHTML, like Gecko) Chrome/138.0.0.0 Safari/537.36','Windows','Chrome'),(190,'/api/v1/admin/get-admins','{\"headers\": {\"Authorization\": \"Bearer \"}}','{\"admins\": [{\"id\": 1, \"phone_number\": \"8076626273\"}]}','2025-07-07 04:48:18','::ffff:223.233.123.24','','Mozilla/5.0 (Windows NT 10.0; Win64; x64) AppleWebKit/537.36 (KHTML, like Gecko) Chrome/138.0.0.0 Safari/537.36','Windows','Chrome'),(191,'/api/v1/candidate/submit-responses','{\"data\": \"U2FsdGVkX18isQy1nXN9fpNpoY7sHsaUBKASz5hvrWnLCDnPjXn/UPuYTihF9yG8zdFVgou7Am+ojY0ttr8CNqSeQQgmRiu68e6QLJhRaUulmiFgoiKXs/rtEKUln9nawdq9IAmerIqHVeXOds69y42iLzCnI9LdLiYR8BFcbCFJQgTjXp2CpdS7WHTQoYCYjwTFm297WkTbSJwGlENm6g4NA5T20XT26aZNPMB5WikzeMP5R0l29xjXkd7OgBsR8ceXyBnF2HPggb4a4kqsTjxGIS6TyJ5ad3ga6l7D5lp/husNbqhHHoQKHAOyWtNHzkr2qVuVMMbLwkN6EHhZQsnV2Y6v0zAINZ3idCunIkDiEfi1AXlhA3pVtSXzkmQL7rWROtIU73k0VPGnt7/X41+rT546gBf41wSsHkCmXlpyUHe6UYbwcDuiuWfxvifprlSzdmMfBU+8Ju/Suv5R6/2pScarj+9d7qi/23tIJ7ar9Ui7ew8m6kwqZRuQJEsBew2AU4KfUM9nTEKJvkOGkWfQbfMoVenyAhby8zDkIP0cmkZlC1S7T3dTmg2if++RXNN5wnZngBnUGzGpbo0O+EDlw0PVMatjJTMhLMW7h5WlauxpD2clMZfMPYqjVlyWTLSZ7pQ5A7ArFEvrcCDMM7KprXz2wqOtVeiFWDn2aHi62X9NcrbifHy0klkHqeUjGk5Jqqvia4Oz31ZxZu63q9e1NchMYKsIGAoy3TD1fzvhbG1pu5PveKGzi2IA2SGzfaZFfYJPbQvUgqvwJBr+QsuCCZ9QwDXT45gFz1ptrWNC7f1CO0dp+wpEi3bS/8lGkvz74+AHClMTiEIWzE0jLCv95aGGcPYNvIujf/m4XUUer/VmFkL3XvuDAxmTjom4N5lGAjplPbMOv3Kogx3hh/COyzF4hNujp+RbU9DoDrrAy8o3O5ZftDWonwy0+rw2seCAQqKCMNahzqJoDY/laMcTLdM113JgBJ+4qSTkGuAPyJik0t1Mih698U9bagXBkyX8FJQlkEIpluQv9y7prp4toiR6yq+AqusdhVuIbRvMbCCcApJ8Ctc+uljCiMb/WfRh5r5fZT7aJFXrusFzWMfLyJ9ioc3OhgJhcbQRWW6laOwVW+YKez/KbSBC5bjbTgQ3d51bJZMaI6oYIeZpB0K9oPiI+eGWtI43bL1xJnCgCihFgkqj2VqjPqwJW5KZcX7+m/XSaaNGlLvAio0M6vWk3TteK3AxM8sksSZIpIwXYX4WZ9ZeDHgAyUX+PNvTf+DB8lTCqOtjqqBi13QVkQbk6zz86kGNQeF1iVYGdplN5RhR483pFBqzI5ASepQZpkMv1JCBYRQymGVEPjvQ5VSnbSmeuEehk3xMLGzS+lnklK1hIwPf35fTSE4lI/XuZCCz5PeO+p3TsrRgsdqhimllfXZ9xFdDkPCZl6dtklzksoe6/YqpMmBzyUask0PhqBSmYsEqKnNgKpcbJxyGzMxhm/eUrRfZhbS3ebY3goRDy88fHdtj6vFsDWR0Ucq8N2ZWLwxQFSgxFnZN43bvlTBIs2Ztv0Ku5/7QLWrbsD8TKoVN4c2erKhnD6Qw3Z4vYABE3PuR1DTMyTNvLH2Jd4FFGTcIIijs9Dnc3AzOzvXj/HnocFf3/37sEeSCwMByD0DKAxai2VdHvCagT+Nv20gszIhOiFDRxVM0P3Frs+sHoGiOr31oXoo8eXmfi4IkHz+T6PSvRFo41v8iC8wswBwAk0DDu5JQ2rYT8Ck/VuhOor38Dvb5jAVTyeoEKdUTNmZvLdGowwKDqVjVUe+vn45tKgYfDsGVv0IcrtwXwuKMdX8CAKlYtSL7UfBwkQFcMyPpWj8+ECcvG2TYq8bNsAmOtuwcV4g5vZRnBIg0Zx687Yxnu1DoTaZzZ43cQpmVckCpqKhc+p10RrsZ7UVGSBMe/sZeU8zHPNJ8wf8mymEDpoOpGcSujhfVvkVyZOaPBa2VWeUNetaVgGbUVyxg/brUeB89PKU+1/+9ymCvjVIBKygEZo8C6VmX3FjUGbOpQPLS3URMzJldCMiX9shDv5dVV35Q3rJJfvlGRRtMtoFUaCyzcoffhbbmzBAGlLjv\"}','{\"message\": \"Responses submitted successfully\"}','2025-07-07 04:49:44','::ffff:223.233.123.24','','Mozilla/5.0 (Windows NT 10.0; Win64; x64) AppleWebKit/537.36 (KHTML, like Gecko) Chrome/138.0.0.0 Safari/537.36','Windows','Chrome'),(192,'/api/v1/admin/get-admins','{\"headers\": {\"Authorization\": \"Bearer \"}}','{\"admins\": [{\"id\": 1, \"phone_number\": \"8076626273\"}]}','2025-07-07 04:50:58','::ffff:223.233.123.24','','Mozilla/5.0 (Windows NT 10.0; Win64; x64) AppleWebKit/537.36 (KHTML, like Gecko) Chrome/138.0.0.0 Safari/537.36','Windows','Chrome'),(193,'/api/v1/candidate/submit-responses','{\"data\": \"U2FsdGVkX1+Pq5qLgv5CiLQa+fWc2HQrl6ypbW9cDYJfg/5z1X1HwMRWjK5ltovIjMW+Ov9lI5RnTIIdYnkE8PW+7Gq8Dft3ey8FmIvg1zlpYl4DuF+BnB81u7w/dtV/mj4f43Opc8qQuPK0MGbc8bsY+cFg50kvvmJBy4+TQ5Q0iA1v7u1DeVCSBdjHW7B/GXAbZ+YdQnyPia2MiVRgCqMEnC3fXB/tnL4ce0UBTYe7piCy4DPWcnNgU0+AqsZbgadp8pqxgGaeBgWgoIOVlgX2QkZcSx3QIOE/YSZ38HhGJboqqeCH+O8mwvxX8U6a6FBCVhl40Eob/xr1bEaqNsP+yNauz+dB5rEU21z0X6SW/vuzhTNDm7tp/BZuWUePF5YxZKV6h5LuuLKhZfm8kz/jcgr6biVZIWISiCU+K/Y8TqNk4lt8L1blF3j01jd0beRsfdmK5sea1t3N+4XIsUCtJaNloTDCWrc+iVGJlhaeGXVHOsHQpPtMtMOL3fcZEkG1+IPVm5zZyPsj1EhpiHctz1ujB4aPlzx8GR+jZOvRGXFZbLy/wNSLKUQa0AyVZtVyHdKVspvjr7tFlLn2Q+XghtxjUpX8wlLa4ErWmcdKi85OVQYAwh3KPCI5gH0wUiC5m+XLj4wHELdYK9Wg+JLjcyifCzDolMMRdND2NC7rFdyQ42mWUStX0bQHf0qvTyR82GM2Aa7+yKpc0LaM45L7guD3vQd1TcyOsW2n+Mircp++kKSSa2JAs2NU0CTV5wdVymjXJg65AADKic1HFnD55tQ1FNsG7lxRb0IGUhTq2iReLM2nwVvlq673YGGaKYMEFR655Zq78rjMMs602XV34eq9tyu6ZkGVGe0Ctnjwbt2oH9gk72yYn9rP7WqO7QNKlEmqzrV98+y6yrYIxh8Mmdm6RhW1VEMn0SiYsCvUR6pYumaG48+8o5h8SGmYGtvIl8REaYeuInS03MbgU0r8m94zp0wd9IpkKgfJRs9kWAPE+268QOj7eNtaDiDYjc11jstkZmFXAq5B6LiNIUjCvt6S556VZZo/glY6fOt2R+TdKEiQvY4iqD4dCyQsFPBaGtMltjwP96O6QZVhjHpkidqNZN0AJ2Mb1yYuRfUlyU2FClnIVPf3n1UnXZz+AI9PJ9GP0feDpHPf1gws0N5XPNCjSmq7CHyjssx/I9G0w+uBnpm9/v+Ktqhl5fpJ0O9hKmLUiooNv0Xg/esd1STc8ihxw5FmtpsaRI/ZErP1UzrmjRd4Um2DxEYEKC9Qr1UDyXspFpLy1ASUigknSOSnvzuDHqCxXkVMGMNB/JLngxY5jfJjMR+bbpFbwpmF5qyWec1ckvd4ahUNhSk6EcF6w6cTloqbPt0IRwU+iBvxPak/+FM+K6zg3zsiYC8xe2+1PnCp49LK8/ZGZuh0ZtC4blrSwJlcDQDjD4GcRua/1zfjMGSHFodOv+EQG5utYKMD5Ts7LoPvWuwNFNYvIzfLdX2/V8LHLMqQa/eo+X7LkcdrQWWPe+FSBK5Pnrf+TnQ/RH/pHUp9oe41iyFI26gkXb+MxgL961h7qiI8sN2DF6w/K+ohVo8fNkc0batjcQrNrIBMFShYsOvZWSYXje/I+f/j+yTAUX+UwxDxbIrFY21OkRfXm0eSCGiYVMo7E9pZ9TUbUNc+PYvibOgacdy+aX+3839r9ScyLcvwDI79a6LV5wLFjMkrloRemHMq4TWkT9hGvoHC4V+QgIK0OapSADIjwxkfKbKfpmVfIhbeXVWEPQfA3EjpPZxOjA+1z17OE5+UbCpU9W/rwRQlBiQiTmjUijTbPNNNvVMpIdvQfsDk4+KBfdZGlehUvXRCDml+nYXbjiv0aB5cFRxCwOAXDwduBbuvbogtYb6OTDTNs1QuOV+XXbZ3eC8tegtYAU+y8nao6hOXb4sfhs7Pv1JGwfPKogb//9Z2G6GO7npkS7HDXZj/UQgW2BYEqiymfUCQaDKmqFM+urMQ8FQ1Uc6CTL20Q/uPdDzCog+pkZUkanmYGDC5OXGPgfPBm5JwJywBJ2VPJN0HNqibuTiIyLH8zT0Zdo/bYqYAD3L257lelQdNHW++vQpCsEULI/X9\"}','{\"message\": \"Responses submitted successfully\"}','2025-07-07 06:26:22','::ffff:164.100.222.44','','Mozilla/5.0 (Windows NT 10.0; Win64; x64) AppleWebKit/537.36 (KHTML, like Gecko) Chrome/137.0.0.0 Safari/537.36','Windows','Chrome'),(194,'/api/v1/admin/login-admins','{\"phone\": \"9413206493\", \"password\": \"123\"}','{\"error\": \"Invalid phone or password\"}','2025-07-07 06:28:27','::ffff:164.100.222.44','','Mozilla/5.0 (Windows NT 10.0; Win64; x64) AppleWebKit/537.36 (KHTML, like Gecko) Chrome/137.0.0.0 Safari/537.36','Windows','Chrome'),(195,'/api/v1/admin/login-admins','{\"phone\": \"8076626273\", \"password\": \"Shashant@123\"}','{\"adminId\": 1, \"message\": \"Login successful\", \"success\": true}','2025-07-07 09:22:37','::ffff:164.100.222.44','','Mozilla/5.0 (Windows NT 10.0; Win64; x64) AppleWebKit/537.36 (KHTML, like Gecko) Chrome/137.0.0.0 Safari/537.36','Windows','Chrome'),(196,'/api/v1/admin/update-question','{\"question\": {\"options\": [{\"rating\": 5, \"option_id\": 9, \"option_text\": \"Java\"}, {\"rating\": 5, \"option_id\": 10, \"option_text\": \"JavaScript/ Type Script\"}, {\"rating\": 4, \"option_id\": 11, \"option_text\": \"C#, VB\"}, {\"rating\": 3, \"option_id\": 12, \"option_text\": \"PHP\"}], \"question_id\": 3, \"question_text\": \"What programming languages are you most comfortable with?\"}}','{\"message\": \"Question and options updated successfully\"}','2025-07-07 09:23:00','::ffff:164.100.222.44','','Mozilla/5.0 (Windows NT 10.0; Win64; x64) AppleWebKit/537.36 (KHTML, like Gecko) Chrome/137.0.0.0 Safari/537.36','Windows','Chrome'),(197,'/api/v1/admin/update-question','{\"question\": {\"options\": [{\"rating\": 5, \"option_id\": 13, \"option_text\": \"Django\"}, {\"rating\": 5, \"option_id\": 14, \"option_text\": \"Spring Boot\"}, {\"rating\": 4, \"option_id\": 15, \"option_text\": \".NET\"}, {\"rating\": 4, \"option_id\": 16, \"option_text\": \"Laravel / Other PHP Framework\"}], \"question_id\": 4, \"question_text\": \"Which frameworks/tools have you worked with extensively?\"}}','{\"message\": \"Question and options updated successfully\"}','2025-07-07 09:23:09','::ffff:164.100.222.44','','Mozilla/5.0 (Windows NT 10.0; Win64; x64) AppleWebKit/537.36 (KHTML, like Gecko) Chrome/137.0.0.0 Safari/537.36','Windows','Chrome'),(198,'/api/v1/admin/update-question','{\"question\": {\"options\": [{\"rating\": 1, \"option_id\": 1, \"option_text\": \"Diploma in Computer Science/IT\"}, {\"rating\": 2, \"option_id\": 2, \"option_text\": \"B.Sc. in Computer Science\"}, {\"rating\": 3, \"option_id\": 3, \"option_text\": \"B.E./B.Tech in CS/IT\"}, {\"rating\": 4, \"option_id\": 140, \"option_text\": \"M.E./M.Tech/M.C.A\"}, {\"rating\": 5, \"option_id\": 0, \"option_text\": \"Phd\"}], \"question_id\": 1, \"question_text\": \"What is your highest educational qualifications and specializations ?\"}}','{\"message\": \"Question and options updated successfully\"}','2025-07-07 09:23:30','::ffff:164.100.222.44','','Mozilla/5.0 (Windows NT 10.0; Win64; x64) AppleWebKit/537.36 (KHTML, like Gecko) Chrome/137.0.0.0 Safari/537.36','Windows','Chrome'),(199,'/api/v1/admin/update-question','{\"question\": {\"options\": [{\"rating\": 5, \"option_id\": 20, \"option_text\": \"MySQL / PostgreSQL\"}, {\"rating\": 4, \"option_id\": 21, \"option_text\": \"MongoDB\"}, {\"rating\": 4, \"option_id\": 22, \"option_text\": \"Oracle\"}, {\"rating\": 1, \"option_id\": 23, \"option_text\": \"I haven’t worked with databases\"}], \"question_id\": 6, \"question_text\": \"What type of databases have you worked with?\"}}','{\"message\": \"Question and options updated successfully\"}','2025-07-07 09:23:43','::ffff:164.100.222.44','','Mozilla/5.0 (Windows NT 10.0; Win64; x64) AppleWebKit/537.36 (KHTML, like Gecko) Chrome/137.0.0.0 Safari/537.36','Windows','Chrome'),(200,'/api/v1/admin/delete-question','{\"questionId\": 35}','{\"message\": \"Question and its options deleted successfully\"}','2025-07-07 09:24:03','::ffff:164.100.222.44','','Mozilla/5.0 (Windows NT 10.0; Win64; x64) AppleWebKit/537.36 (KHTML, like Gecko) Chrome/137.0.0.0 Safari/537.36','Windows','Chrome'),(201,'/api/v1/admin/delete-question','{\"questionId\": 36}','{\"message\": \"Question and its options deleted successfully\"}','2025-07-07 09:24:49','::ffff:164.100.222.44','','Mozilla/5.0 (Windows NT 10.0; Win64; x64) AppleWebKit/537.36 (KHTML, like Gecko) Chrome/137.0.0.0 Safari/537.36','Windows','Chrome'),(202,'/api/v1/admin/update-question','{\"question\": {\"options\": [{\"rating\": 5, \"option_id\": 57, \"option_text\": \"VS Code / IntelliJ / Eclipse\"}, {\"rating\": 5, \"option_id\": 58, \"option_text\": \"GitHub / GitLab\"}, {\"rating\": 4, \"option_id\": 59, \"option_text\": \"Postman / Swagger\"}, {\"rating\": 4, \"option_id\": 60, \"option_text\": \"Jira / Trello\"}, {\"rating\": 1, \"option_id\": 61, \"option_text\": \"None of the above\"}], \"question_id\": 15, \"question_text\": \"Which development tools/environments do you commonly use?\"}}','{\"message\": \"Question and options updated successfully\"}','2025-07-07 09:25:11','::ffff:164.100.222.44','','Mozilla/5.0 (Windows NT 10.0; Win64; x64) AppleWebKit/537.36 (KHTML, like Gecko) Chrome/137.0.0.0 Safari/537.36','Windows','Chrome'),(203,'/api/v1/admin/delete-question','{\"questionId\": 37}','{\"message\": \"Question and its options deleted successfully\"}','2025-07-07 09:25:27','::ffff:164.100.222.44','','Mozilla/5.0 (Windows NT 10.0; Win64; x64) AppleWebKit/537.36 (KHTML, like Gecko) Chrome/137.0.0.0 Safari/537.36','Windows','Chrome'),(204,'/api/v1/admin/get-admins','{\"headers\": {\"Authorization\": \"Bearer \"}}','{\"admins\": [{\"id\": 1, \"phone_number\": \"8076626273\"}]}','2025-07-07 09:26:02','::ffff:164.100.222.44','','Mozilla/5.0 (Windows NT 10.0; Win64; x64) AppleWebKit/537.36 (KHTML, like Gecko) Chrome/137.0.0.0 Safari/537.36','Windows','Chrome'),(205,'/api/v1/admin/get-admins','{\"headers\": {\"Authorization\": \"Bearer \"}}','{\"admins\": [{\"id\": 1, \"phone_number\": \"8076626273\"}]}','2025-07-07 09:26:31','::ffff:164.100.222.44','','Mozilla/5.0 (Windows NT 10.0; Win64; x64) AppleWebKit/537.36 (KHTML, like Gecko) Chrome/137.0.0.0 Safari/537.36','Windows','Chrome'),(206,'/api/v1/admin/create-admin','{\"phone\": \"9413206493\", \"password\": \"Exam@123\"}','{\"message\": \"Admin created successfully\"}','2025-07-07 09:26:58','::ffff:164.100.222.44','','Mozilla/5.0 (Windows NT 10.0; Win64; x64) AppleWebKit/537.36 (KHTML, like Gecko) Chrome/137.0.0.0 Safari/537.36','Windows','Chrome'),(207,'/api/v1/admin/get-admins','{\"headers\": {\"Authorization\": \"Bearer \"}}','{\"admins\": [{\"id\": 1, \"phone_number\": \"8076626273\"}, {\"id\": 6, \"phone_number\": \"9413206493\"}]}','2025-07-07 09:26:58','::ffff:164.100.222.44','','Mozilla/5.0 (Windows NT 10.0; Win64; x64) AppleWebKit/537.36 (KHTML, like Gecko) Chrome/137.0.0.0 Safari/537.36','Windows','Chrome'),(208,'/api/v1/admin/login-admins','{\"phone\": \"8076626273\", \"password\": \"Shashant@123\"}','{\"adminId\": 1, \"message\": \"Login successful\", \"success\": true}','2025-07-07 09:42:36','::ffff:164.100.145.17','','Mozilla/5.0 (Windows NT 10.0; Win64; x64) AppleWebKit/537.36 (KHTML, like Gecko) Chrome/138.0.0.0 Safari/537.36','Windows','Chrome'),(209,'/api/v1/admin/login-admins','{\"phone\": \"8076626273\", \"password\": \"shasha@123\"}','{\"error\": \"Invalid phone or password\"}','2025-07-07 10:01:09','::ffff:164.100.145.17','','Mozilla/5.0 (Windows NT 10.0; Win64; x64) AppleWebKit/537.36 (KHTML, like Gecko) Chrome/137.0.0.0 Safari/537.36','Windows','Chrome'),(210,'/api/v1/admin/login-admins','{\"phone\": \"8076626273\", \"password\": \"Shashant@123\"}','{\"adminId\": 1, \"message\": \"Login successful\", \"success\": true}','2025-07-07 10:01:17','::ffff:164.100.145.17','','Mozilla/5.0 (Windows NT 10.0; Win64; x64) AppleWebKit/537.36 (KHTML, like Gecko) Chrome/137.0.0.0 Safari/537.36','Windows','Chrome'),(211,'/api/v1/admin/get-admins','{\"headers\": {\"Authorization\": \"Bearer \"}}','{\"admins\": [{\"id\": 1, \"phone_number\": \"8076626273\"}, {\"id\": 6, \"phone_number\": \"9413206493\"}]}','2025-07-07 10:17:55','::ffff:164.100.145.17','','Mozilla/5.0 (Windows NT 10.0; Win64; x64) AppleWebKit/537.36 (KHTML, like Gecko) Chrome/137.0.0.0 Safari/537.36','Windows','Chrome'),(212,'/api/v1/admin/get-admins','{\"headers\": {\"Authorization\": \"Bearer \"}}','{\"admins\": [{\"id\": 1, \"phone_number\": \"8076626273\"}, {\"id\": 6, \"phone_number\": \"9413206493\"}]}','2025-07-07 10:17:55','::ffff:164.100.145.17','','Mozilla/5.0 (Windows NT 10.0; Win64; x64) AppleWebKit/537.36 (KHTML, like Gecko) Chrome/137.0.0.0 Safari/537.36','Windows','Chrome'),(213,'/api/v1/admin/get-admins','{\"headers\": {\"Authorization\": \"Bearer \"}}','{\"admins\": [{\"id\": 1, \"phone_number\": \"8076626273\"}, {\"id\": 6, \"phone_number\": \"9413206493\"}]}','2025-07-07 10:23:51','::ffff:164.100.145.17','','Mozilla/5.0 (Windows NT 10.0; Win64; x64) AppleWebKit/537.36 (KHTML, like Gecko) Chrome/137.0.0.0 Safari/537.36','Windows','Chrome'),(214,'/api/v1/admin/get-admins','{\"headers\": {\"Authorization\": \"Bearer \"}}','{\"admins\": [{\"id\": 1, \"phone_number\": \"8076626273\"}, {\"id\": 6, \"phone_number\": \"9413206493\"}]}','2025-07-07 10:23:51','::ffff:164.100.145.17','','Mozilla/5.0 (Windows NT 10.0; Win64; x64) AppleWebKit/537.36 (KHTML, like Gecko) Chrome/137.0.0.0 Safari/537.36','Windows','Chrome'),(215,'/api/v1/admin/get-admins','{\"headers\": {\"Authorization\": \"Bearer \"}}','{\"admins\": [{\"id\": 1, \"phone_number\": \"8076626273\"}, {\"id\": 6, \"phone_number\": \"9413206493\"}]}','2025-07-07 10:24:02','::ffff:164.100.145.17','','Mozilla/5.0 (Windows NT 10.0; Win64; x64) AppleWebKit/537.36 (KHTML, like Gecko) Chrome/137.0.0.0 Safari/537.36','Windows','Chrome'),(216,'/api/v1/admin/get-admins','{\"headers\": {\"Authorization\": \"Bearer \"}}','{\"admins\": [{\"id\": 1, \"phone_number\": \"8076626273\"}, {\"id\": 6, \"phone_number\": \"9413206493\"}]}','2025-07-07 10:24:02','::ffff:164.100.145.17','','Mozilla/5.0 (Windows NT 10.0; Win64; x64) AppleWebKit/537.36 (KHTML, like Gecko) Chrome/137.0.0.0 Safari/537.36','Windows','Chrome'),(217,'/api/v1/candidate/submit-responses','{\"data\": \"U2FsdGVkX1/Ww0Hals6CoQcQdFIHHA3C586UWAV09TY88+o5/Z8EW+Hqnf9zr9dQow96gFivD1KuoZxCJPNsIf7TfsJj1TqyvG0KHYAj2RkxbN4OIE4TBhapTMxumn8Ot9b1bt4lFVs38LLcUZUTzU0/Gsa5zAqxtt4JIMk2SPYDYEl9JDS5EepfJC2iB/iaG04fspIYVM50nvTL0kN1ZstW3lTXFOjO7po8gt9h8X9qEGKxvYPo6+4m/D7AVIal79dqrHofKykUn+Mwro2Qg3KiJd7o8XNb4Ndeq8Bhk4uA9BNkzhLuowqp3ndel2roitlnoBC25ClbXde9F08xNCG5g3xqYyUWjj+MSH1fV6nIPofx9AzhODvFfBgyWtsQoJcJkDgILhUK15tS6R2Cn2aN/a2fgtk3rU3hdFEzxX69zkKr6LSxYuf8sZmzkJ5610GJhIDyXzJZyrDT3lL4P6fjVv3ighWnyw44hWOVt8H4vQYUr3q2zXEk+TjWMBIha89Pi+6oz41U4/wDkH+VkddZMz7APSmsmgKDoDIhe4j+kgkudRE26a6w+CwnlRfXVk5d1tjryI0yl8ixmUpK1jcmQ1s89fPOOQIUqHOTWGrpxR0lHrKtf/DXrksZBOB/FFcmzbACXahQf0C4tWX1JN6HxmNjHVEXXWfoblMD+R9827JznUBU3ycdVgVh3HT0DvQl7UAnkh+28kaq3qtKuquEjPUajtILPeghfNNGLVnp2sXJLaYuYhdZrJP/hVGwcLM4/zAhyV7mZ9xcgt+ScLlH9BT7nYJk4lu4PaCuUpk4Sy2YZD6pVfXMNLukKhlRMl9DIwHP1QlItaHTIIPyMI4sVAZrBy1sgmaHXDT50LZkSAoxs161pSOhSCghSsABPKUZswEkaEc8MNff8tITNn+7U53/pEJEXkikxiXD3oKZ1Wib3Hthnm21z/+i1Q2RKM16FJ5YN97Ft9W0U4FFjlUSSORbZ2rsJcqKvsjckm5A4Zye9Y3OH/XpWfWhbsvvnIWKPi6oE+ZYy0s7bqYyd8JHh4in4kjMImg+c7C2gRFDiD97f2a19lswD76MdebhccMTm10YKlSbSm/Sg8pxz9Q1ENm2t3KEFf8HcLGhSJyLToA6TRunOITpN+NGfwNbYbZ7zC3tMl4r49HkLhRir+KVxSMICX2kuNIBkpisX7i/wIWiA9eNiMd6UfAmzep4JxJBXbkcdZcewsSOTCua8LFAOCo7C8gl0Zzu6Ipsn0qX+p+Hax3uFFiFB0KvMFO76omlvWrTseMZbjNZmTJBd+vXe0P3FRfD+2mHZSm6iFYZXRI+OYPktc2+1HcFa7AHYBg6guPjp3DI4MGbR5IQWjf6+KjkwugOtPb8VV8vHNVuHBLlGo8AYFHeKwG30SvlfUQOj9SwC5VFQ1ZU+SvlWwJ/Y4a2caLoAv27f3kL9H9N/zBNkVCEiVLMMkylyTpVOilVhR6pBdBnTrm0Or6rF7Zf/UgSh6cfcg+TVnlYJc7RsLSyhMrWhk5eHoZv8F4PPzJEQNiF0449OTSkZqtO7simbg/qKoLtmIuJEkxAU8AY/aROxAT/hXrIzXzd5thB3M9Q5GCHRwIiEmI6Q6z4y4hdmScgTKfvZUfmVzlejan2qnR08WjTvv6Pjp5/mCTV7knn3raVixJC88FrnF92iUmY+Ewg+0csIQvtOTlZ6en/BUTcox4lxcGZEtc12sdtimws8C/0uFkkdnswYxh51+ak5nZO1N5FYCmUxxE2JhckF/4y3E4pKpAP7q4DAiC8evLvLHi9lcZ2BB2FqShpVya1vnd+nqWEMtzbqRj9IEzK3QgUhTapEnO57AHpVSXdRMnBS8rDB3ALbEPENN05sScfgvngoD9lu9z63qF17oKQSd3mrcSvGfVBUWPvcIUYfhvX0HJUtZkhbbyZhHhIzw==\"}','{\"message\": \"Responses submitted successfully\"}','2025-07-07 10:25:05','::ffff:164.100.145.17','','Mozilla/5.0 (Windows NT 10.0; Win64; x64) AppleWebKit/537.36 (KHTML, like Gecko) Chrome/137.0.0.0 Safari/537.36','Windows','Chrome'),(218,'/api/v1/admin/get-all-submissions','{}','{\"error\": \"Internal server error\"}','2025-07-07 11:09:35','::1','','PostmanRuntime/7.44.1','',''),(219,'/api/v1/admin/get-all-submissions','{}','{\"error\": \"Internal server error\"}','2025-07-07 11:10:17','::1','','PostmanRuntime/7.44.1','',''),(220,'/api/v1/admin/get-all-submissions','{}','{\"error\": \"Internal server error\"}','2025-07-07 11:11:36','::1','','PostmanRuntime/7.44.1','',''),(221,'/api/v1/admin/get-all-submissions','{}','{\"error\": \"Internal server error\"}','2025-07-07 11:12:38','::1','','PostmanRuntime/7.44.1','',''),(222,'/api/v1/admin/get-all-submissions','{}','{\"error\": \"Internal server error\"}','2025-07-07 11:13:25','::1','','PostmanRuntime/7.44.1','',''),(223,'/api/v1/admin/get-all-submissions','{}','{\"message\": \"Data fetched successfully\", \"submissions\": []}','2025-07-07 11:14:04','::1','','PostmanRuntime/7.44.1','',''),(224,'/api/v1/admin/get-all-submissions','{}','{\"message\": \"Data fetched successfully\", \"submissions\": [{\"id\": 1, \"sso_id\": \"EMP12345\", \"status\": \"Completed\", \"roll_no\": \"12345\", \"exam_name\": \"abcd\", \"created_at\": \"2025-06-14T09:23:28.000Z\", \"candidate_name\": \"Unknown\"}]}','2025-07-07 11:15:14','::1','','PostmanRuntime/7.44.1','',''),(225,'/api/v1/admin/get-all-submissions','{}','{\"error\": \"Internal server error\"}','2025-07-07 11:39:17','::1','','Mozilla/5.0 (Windows NT 10.0; Win64; x64) AppleWebKit/537.36 (KHTML, like Gecko) Chrome/137.0.0.0 Safari/537.36','Windows','Chrome'),(226,'/api/v1/admin/get-all-submissions','{}','{\"error\": \"Internal server error\"}','2025-07-07 11:39:17','::1','','Mozilla/5.0 (Windows NT 10.0; Win64; x64) AppleWebKit/537.36 (KHTML, like Gecko) Chrome/137.0.0.0 Safari/537.36','Windows','Chrome'),(227,'/api/v1/admin/get-all-submissions','{\"exam_name\": \"abcd\"}','{\"message\": \"Data fetched successfully\", \"submissions\": [{\"id\": 1, \"sso_id\": \"EMP12345\", \"status\": \"Completed\", \"roll_no\": \"12345\", \"exam_name\": \"abcd\", \"created_at\": \"2025-06-14T09:23:28.000Z\", \"candidate_name\": \"Unknown\"}]}','2025-07-07 11:39:48','::1','','Mozilla/5.0 (Windows NT 10.0; Win64; x64) AppleWebKit/537.36 (KHTML, like Gecko) Chrome/137.0.0.0 Safari/537.36','Windows','Chrome'),(228,'/api/v1/admin/get-all-submissions','{\"exam_name\": \"abcd\"}','{\"message\": \"Data fetched successfully\", \"submissions\": [{\"id\": 1, \"sso_id\": \"EMP12345\", \"status\": \"Completed\", \"roll_no\": \"12345\", \"exam_name\": \"abcd\", \"created_at\": \"2025-06-14T09:23:28.000Z\", \"candidate_name\": \"Unknown\"}]}','2025-07-07 11:39:48','::1','','Mozilla/5.0 (Windows NT 10.0; Win64; x64) AppleWebKit/537.36 (KHTML, like Gecko) Chrome/137.0.0.0 Safari/537.36','Windows','Chrome'),(229,'/api/v1/admin/get-all-submissions','{\"exam_name\": \"dssssa\"}','{\"error\": \"No candidates found for this exam\"}','2025-07-07 11:44:45','::1','','Mozilla/5.0 (Windows NT 10.0; Win64; x64) AppleWebKit/537.36 (KHTML, like Gecko) Chrome/137.0.0.0 Safari/537.36','Windows','Chrome'),(230,'/api/v1/admin/get-all-submissions','{\"exam_name\": \"abcd\"}','{\"message\": \"Data fetched successfully\", \"submissions\": [{\"id\": 1, \"sso_id\": \"EMP12345\", \"status\": \"Completed\", \"roll_no\": \"12345\", \"exam_name\": \"abcd\", \"created_at\": \"2025-06-14T09:23:28.000Z\", \"candidate_name\": \"Unknown\"}]}','2025-07-07 11:44:47','::1','','Mozilla/5.0 (Windows NT 10.0; Win64; x64) AppleWebKit/537.36 (KHTML, like Gecko) Chrome/137.0.0.0 Safari/537.36','Windows','Chrome'),(231,'/api/v1/admin/get-all-submissions','{\"exam_name\": \"dssssa\"}','{\"error\": \"No candidates found for this exam\"}','2025-07-07 11:44:55','::1','','Mozilla/5.0 (Windows NT 10.0; Win64; x64) AppleWebKit/537.36 (KHTML, like Gecko) Chrome/137.0.0.0 Safari/537.36','Windows','Chrome'),(232,'/api/v1/admin/get-all-submissions','{\"exam_name\": \"abcd\"}','{\"message\": \"Data fetched successfully\", \"submissions\": [{\"id\": 1, \"sso_id\": \"EMP12345\", \"status\": \"Completed\", \"roll_no\": \"12345\", \"exam_name\": \"abcd\", \"created_at\": \"2025-06-14T09:23:28.000Z\", \"candidate_name\": \"Unknown\"}]}','2025-07-07 11:45:02','::1','','Mozilla/5.0 (Windows NT 10.0; Win64; x64) AppleWebKit/537.36 (KHTML, like Gecko) Chrome/137.0.0.0 Safari/537.36','Windows','Chrome'),(233,'/api/v1/admin/get-all-submissions','{\"exam_name\": \"dssssa\"}','{\"error\": \"No candidates found for this exam\"}','2025-07-07 11:45:31','::1','','Mozilla/5.0 (Windows NT 10.0; Win64; x64) AppleWebKit/537.36 (KHTML, like Gecko) Chrome/137.0.0.0 Safari/537.36','Windows','Chrome'),(234,'/api/v1/admin/get-all-submissions','{\"exam_name\": \"abcd\"}','{\"message\": \"Data fetched successfully\", \"submissions\": [{\"id\": 1, \"sso_id\": \"EMP12345\", \"status\": \"Completed\", \"roll_no\": \"12345\", \"exam_name\": \"abcd\", \"created_at\": \"2025-06-14T09:23:28.000Z\", \"candidate_name\": \"Unknown\"}]}','2025-07-07 11:45:32','::1','','Mozilla/5.0 (Windows NT 10.0; Win64; x64) AppleWebKit/537.36 (KHTML, like Gecko) Chrome/137.0.0.0 Safari/537.36','Windows','Chrome'),(235,'/api/v1/admin/get-all-submissions','{\"exam_name\": \"abcd\"}','{\"message\": \"Data fetched successfully\", \"submissions\": [{\"id\": 1, \"sso_id\": \"EMP12345\", \"status\": \"Completed\", \"roll_no\": \"12345\", \"exam_name\": \"abcd\", \"created_at\": \"2025-06-14T09:23:28.000Z\", \"candidate_name\": \"Unknown\"}]}','2025-07-07 11:48:36','::1','','Mozilla/5.0 (Windows NT 10.0; Win64; x64) AppleWebKit/537.36 (KHTML, like Gecko) Chrome/137.0.0.0 Safari/537.36','Windows','Chrome'),(236,'/api/v1/admin/get-all-completed-submissions','{\"exam_name\": \"abcd\"}','{\"message\": \"Data fetched successfully\", \"submissions\": [{\"id\": 1, \"sso_id\": \"EMP12345\", \"status\": \"Completed\", \"roll_no\": \"12345\", \"exam_name\": \"abcd\", \"created_at\": \"2025-06-14T09:23:28.000Z\", \"candidate_name\": \"Unknown\"}]}','2025-07-07 11:56:28','::1','','Mozilla/5.0 (Windows NT 10.0; Win64; x64) AppleWebKit/537.36 (KHTML, like Gecko) Chrome/137.0.0.0 Safari/537.36','Windows','Chrome'),(237,'/api/v1/admin/get-all-pending-submissions','{\"exam_name\": \"abcd\"}','{\"message\": \"Data fetched successfully\", \"submissions\": []}','2025-07-07 11:56:29','::1','','Mozilla/5.0 (Windows NT 10.0; Win64; x64) AppleWebKit/537.36 (KHTML, like Gecko) Chrome/137.0.0.0 Safari/537.36','Windows','Chrome'),(238,'/api/v1/admin/get-all-completed-submissions','{\"exam_name\": \"abcd\"}','{\"message\": \"Data fetched successfully\", \"submissions\": [{\"id\": 1, \"sso_id\": \"EMP12345\", \"status\": \"Completed\", \"roll_no\": \"12345\", \"exam_name\": \"abcd\", \"created_at\": \"2025-06-14T09:23:28.000Z\", \"candidate_name\": \"Unknown\"}]}','2025-07-07 11:56:33','::1','','Mozilla/5.0 (Windows NT 10.0; Win64; x64) AppleWebKit/537.36 (KHTML, like Gecko) Chrome/137.0.0.0 Safari/537.36','Windows','Chrome'),(239,'/api/v1/admin/get-all-pending-submissions','{\"exam_name\": \"abcd\"}','{\"message\": \"Data fetched successfully\", \"submissions\": []}','2025-07-07 11:56:44','::1','','Mozilla/5.0 (Windows NT 10.0; Win64; x64) AppleWebKit/537.36 (KHTML, like Gecko) Chrome/137.0.0.0 Safari/537.36','Windows','Chrome'),(240,'/api/v1/admin/get-all-completed-submissions','{\"exam_name\": \"abcd\"}','{\"message\": \"Data fetched successfully\", \"submissions\": [{\"id\": 1, \"sso_id\": \"EMP12345\", \"status\": \"Completed\", \"roll_no\": \"12345\", \"exam_name\": \"abcd\", \"created_at\": \"2025-06-14T09:23:28.000Z\", \"candidate_name\": \"Unknown\"}]}','2025-07-07 11:56:45','::1','','Mozilla/5.0 (Windows NT 10.0; Win64; x64) AppleWebKit/537.36 (KHTML, like Gecko) Chrome/137.0.0.0 Safari/537.36','Windows','Chrome'),(241,'/api/v1/admin/get-all-pending-submissions','{\"exam_name\": \"abcd\"}','{\"message\": \"Data fetched successfully\", \"submissions\": []}','2025-07-07 11:56:49','::1','','Mozilla/5.0 (Windows NT 10.0; Win64; x64) AppleWebKit/537.36 (KHTML, like Gecko) Chrome/137.0.0.0 Safari/537.36','Windows','Chrome'),(242,'/api/v1/admin/get-all-completed-submissions','{\"exam_name\": \"abcd\"}','{\"message\": \"Data fetched successfully\", \"submissions\": [{\"id\": 1, \"sso_id\": \"EMP12345\", \"status\": \"Completed\", \"roll_no\": \"12345\", \"exam_name\": \"abcd\", \"created_at\": \"2025-06-14T09:23:28.000Z\", \"candidate_name\": \"Unknown\"}]}','2025-07-07 11:56:50','::1','','Mozilla/5.0 (Windows NT 10.0; Win64; x64) AppleWebKit/537.36 (KHTML, like Gecko) Chrome/137.0.0.0 Safari/537.36','Windows','Chrome'),(243,'/api/v1/admin/login-admins','{\"phone\": \"8076626273\", \"password\": \"Shashant@123\"}','{\"adminId\": 1, \"message\": \"Login successful\", \"success\": true}','2025-07-07 11:57:25','::ffff:164.100.222.44','','Mozilla/5.0 (Windows NT 10.0; Win64; x64) AppleWebKit/537.36 (KHTML, like Gecko) Chrome/137.0.0.0 Safari/537.36','Windows','Chrome'),(244,'/api/v1/admin/get-admins','{\"headers\": {\"Authorization\": \"Bearer \"}}','{\"admins\": [{\"id\": 1, \"phone_number\": \"8076626273\"}, {\"id\": 6, \"phone_number\": \"9413206493\"}]}','2025-07-07 11:57:42','::ffff:164.100.222.44','','Mozilla/5.0 (Windows NT 10.0; Win64; x64) AppleWebKit/537.36 (KHTML, like Gecko) Chrome/137.0.0.0 Safari/537.36','Windows','Chrome'),(245,'/api/v1/admin/get-all-completed-submissions','{\"roll_no\": \"1\", \"exam_name\": \"abcd\"}','{\"error\": \"No candidates found for this exam\"}','2025-07-07 11:59:31','::1','','Mozilla/5.0 (Windows NT 10.0; Win64; x64) AppleWebKit/537.36 (KHTML, like Gecko) Chrome/137.0.0.0 Safari/537.36','Windows','Chrome'),(246,'/api/v1/admin/get-all-completed-submissions','{\"roll_no\": \"12\", \"exam_name\": \"abcd\"}','{\"error\": \"No candidates found for this exam\"}','2025-07-07 11:59:31','::1','','Mozilla/5.0 (Windows NT 10.0; Win64; x64) AppleWebKit/537.36 (KHTML, like Gecko) Chrome/137.0.0.0 Safari/537.36','Windows','Chrome'),(247,'/api/v1/admin/get-all-completed-submissions','{\"exam_name\": \"abcd\"}','{\"message\": \"Data fetched successfully\", \"submissions\": [{\"id\": 1, \"sso_id\": \"EMP12345\", \"status\": \"Completed\", \"roll_no\": \"12345\", \"exam_name\": \"abcd\", \"created_at\": \"2025-06-14T09:23:28.000Z\", \"candidate_name\": \"Unknown\"}]}','2025-07-07 11:59:35','::1','','Mozilla/5.0 (Windows NT 10.0; Win64; x64) AppleWebKit/537.36 (KHTML, like Gecko) Chrome/137.0.0.0 Safari/537.36','Windows','Chrome'),(248,'/api/v1/admin/get-all-completed-submissions','{\"roll_no\": \"1\", \"exam_name\": \"abcd\"}','{\"error\": \"No candidates found for this exam\"}','2025-07-07 11:59:36','::1','','Mozilla/5.0 (Windows NT 10.0; Win64; x64) AppleWebKit/537.36 (KHTML, like Gecko) Chrome/137.0.0.0 Safari/537.36','Windows','Chrome'),(249,'/api/v1/admin/get-all-completed-submissions','{\"roll_no\": \"12\", \"exam_name\": \"abcd\"}','{\"error\": \"No candidates found for this exam\"}','2025-07-07 11:59:37','::1','','Mozilla/5.0 (Windows NT 10.0; Win64; x64) AppleWebKit/537.36 (KHTML, like Gecko) Chrome/137.0.0.0 Safari/537.36','Windows','Chrome'),(250,'/api/v1/admin/get-all-completed-submissions','{\"exam_name\": \"abcd\"}','{\"message\": \"Data fetched successfully\", \"submissions\": [{\"id\": 1, \"sso_id\": \"EMP12345\", \"status\": \"Completed\", \"roll_no\": \"12345\", \"exam_name\": \"abcd\", \"created_at\": \"2025-06-14T09:23:28.000Z\", \"candidate_name\": \"Unknown\"}]}','2025-07-07 11:59:43','::1','','Mozilla/5.0 (Windows NT 10.0; Win64; x64) AppleWebKit/537.36 (KHTML, like Gecko) Chrome/137.0.0.0 Safari/537.36','Windows','Chrome'),(251,'/api/v1/admin/get-all-completed-submissions','{\"roll_no\": 1, \"exam_name\": \"abcd\"}','{\"error\": \"No candidates found for this exam\"}','2025-07-07 12:00:07','::1','','Mozilla/5.0 (Windows NT 10.0; Win64; x64) AppleWebKit/537.36 (KHTML, like Gecko) Chrome/137.0.0.0 Safari/537.36','Windows','Chrome'),(252,'/api/v1/admin/get-all-completed-submissions','{\"roll_no\": 12, \"exam_name\": \"abcd\"}','{\"error\": \"No candidates found for this exam\"}','2025-07-07 12:00:10','::1','','Mozilla/5.0 (Windows NT 10.0; Win64; x64) AppleWebKit/537.36 (KHTML, like Gecko) Chrome/137.0.0.0 Safari/537.36','Windows','Chrome'),(253,'/api/v1/admin/get-all-completed-submissions','{\"roll_no\": 12345, \"exam_name\": \"abcd\"}','{\"message\": \"Data fetched successfully\", \"submissions\": [{\"id\": 1, \"sso_id\": \"EMP12345\", \"status\": \"Completed\", \"roll_no\": \"12345\", \"exam_name\": \"abcd\", \"created_at\": \"2025-06-14T09:23:28.000Z\", \"candidate_name\": \"Unknown\"}]}','2025-07-07 12:00:13','::1','','Mozilla/5.0 (Windows NT 10.0; Win64; x64) AppleWebKit/537.36 (KHTML, like Gecko) Chrome/137.0.0.0 Safari/537.36','Windows','Chrome'),(254,'/api/v1/admin/get-all-completed-submissions','{\"exam_name\": \"abcd\"}','{\"message\": \"Data fetched successfully\", \"submissions\": [{\"id\": 1, \"sso_id\": \"EMP12345\", \"status\": \"Completed\", \"roll_no\": \"12345\", \"exam_name\": \"abcd\", \"created_at\": \"2025-06-14T09:23:28.000Z\", \"candidate_name\": \"Unknown\"}]}','2025-07-07 12:01:24','::1','','Mozilla/5.0 (Windows NT 10.0; Win64; x64) AppleWebKit/537.36 (KHTML, like Gecko) Chrome/137.0.0.0 Safari/537.36','Windows','Chrome'),(255,'/api/v1/admin/get-all-completed-submissions','{\"roll_no\": 1, \"exam_name\": \"abcd\"}','{\"error\": \"No candidates found for this exam\"}','2025-07-07 12:01:24','::1','','Mozilla/5.0 (Windows NT 10.0; Win64; x64) AppleWebKit/537.36 (KHTML, like Gecko) Chrome/137.0.0.0 Safari/537.36','Windows','Chrome'),(256,'/api/v1/admin/get-all-completed-submissions','{\"roll_no\": 12, \"exam_name\": \"abcd\"}','{\"error\": \"No candidates found for this exam\"}','2025-07-07 12:01:27','::1','','Mozilla/5.0 (Windows NT 10.0; Win64; x64) AppleWebKit/537.36 (KHTML, like Gecko) Chrome/137.0.0.0 Safari/537.36','Windows','Chrome'),(257,'/api/v1/admin/get-all-completed-submissions','{\"roll_no\": 123, \"exam_name\": \"abcd\"}','{\"error\": \"No candidates found for this exam\"}','2025-07-07 12:01:39','::1','','Mozilla/5.0 (Windows NT 10.0; Win64; x64) AppleWebKit/537.36 (KHTML, like Gecko) Chrome/137.0.0.0 Safari/537.36','Windows','Chrome'),(258,'/api/v1/admin/get-all-completed-submissions','{\"roll_no\": 1234, \"exam_name\": \"abcd\"}','{\"error\": \"No candidates found for this exam\"}','2025-07-07 12:01:39','::1','','Mozilla/5.0 (Windows NT 10.0; Win64; x64) AppleWebKit/537.36 (KHTML, like Gecko) Chrome/137.0.0.0 Safari/537.36','Windows','Chrome'),(259,'/api/v1/admin/get-all-completed-submissions','{\"roll_no\": 12345, \"exam_name\": \"abcd\"}','{\"error\": \"No candidates found for this exam\"}','2025-07-07 12:01:39','::1','','Mozilla/5.0 (Windows NT 10.0; Win64; x64) AppleWebKit/537.36 (KHTML, like Gecko) Chrome/137.0.0.0 Safari/537.36','Windows','Chrome'),(260,'/api/v1/admin/get-all-completed-submissions','{\"roll_no\": 12345, \"exam_name\": \"abcd\"}','{\"error\": \"No candidates found for this exam\"}','2025-07-07 12:01:56','::1','','Mozilla/5.0 (Windows NT 10.0; Win64; x64) AppleWebKit/537.36 (KHTML, like Gecko) Chrome/137.0.0.0 Safari/537.36','Windows','Chrome'),(261,'/api/v1/admin/get-all-completed-submissions','{\"exam_name\": \"abcd\"}','{\"message\": \"Data fetched successfully\", \"submissions\": [{\"id\": 1, \"sso_id\": \"EMP12345\", \"status\": \"Completed\", \"roll_no\": \"12345\", \"exam_name\": \"abcd\", \"created_at\": \"2025-06-14T09:23:28.000Z\", \"candidate_name\": \"Unknown\"}]}','2025-07-07 12:03:59','::1','','Mozilla/5.0 (Windows NT 10.0; Win64; x64) AppleWebKit/537.36 (KHTML, like Gecko) Chrome/137.0.0.0 Safari/537.36','Windows','Chrome'),(262,'/api/v1/admin/get-all-completed-submissions','{\"roll_no\": 1, \"exam_name\": \"abcd\"}','{\"message\": \"Data fetched successfully\", \"submissions\": [{\"id\": 1, \"sso_id\": \"EMP12345\", \"status\": \"Completed\", \"roll_no\": \"12345\", \"exam_name\": \"abcd\", \"created_at\": \"2025-06-14T09:23:28.000Z\", \"candidate_name\": \"Unknown\"}]}','2025-07-07 12:04:06','::1','','Mozilla/5.0 (Windows NT 10.0; Win64; x64) AppleWebKit/537.36 (KHTML, like Gecko) Chrome/137.0.0.0 Safari/537.36','Windows','Chrome'),(263,'/api/v1/admin/get-all-completed-submissions','{\"roll_no\": 12, \"exam_name\": \"abcd\"}','{\"message\": \"Data fetched successfully\", \"submissions\": [{\"id\": 1, \"sso_id\": \"EMP12345\", \"status\": \"Completed\", \"roll_no\": \"12345\", \"exam_name\": \"abcd\", \"created_at\": \"2025-06-14T09:23:28.000Z\", \"candidate_name\": \"Unknown\"}]}','2025-07-07 12:04:07','::1','','Mozilla/5.0 (Windows NT 10.0; Win64; x64) AppleWebKit/537.36 (KHTML, like Gecko) Chrome/137.0.0.0 Safari/537.36','Windows','Chrome'),(264,'/api/v1/admin/get-all-completed-submissions','{\"roll_no\": 123, \"exam_name\": \"abcd\"}','{\"message\": \"Data fetched successfully\", \"submissions\": [{\"id\": 1, \"sso_id\": \"EMP12345\", \"status\": \"Completed\", \"roll_no\": \"12345\", \"exam_name\": \"abcd\", \"created_at\": \"2025-06-14T09:23:28.000Z\", \"candidate_name\": \"Unknown\"}]}','2025-07-07 12:04:08','::1','','Mozilla/5.0 (Windows NT 10.0; Win64; x64) AppleWebKit/537.36 (KHTML, like Gecko) Chrome/137.0.0.0 Safari/537.36','Windows','Chrome'),(265,'/api/v1/admin/get-all-completed-submissions','{\"roll_no\": 1234, \"exam_name\": \"abcd\"}','{\"message\": \"Data fetched successfully\", \"submissions\": [{\"id\": 1, \"sso_id\": \"EMP12345\", \"status\": \"Completed\", \"roll_no\": \"12345\", \"exam_name\": \"abcd\", \"created_at\": \"2025-06-14T09:23:28.000Z\", \"candidate_name\": \"Unknown\"}]}','2025-07-07 12:04:09','::1','','Mozilla/5.0 (Windows NT 10.0; Win64; x64) AppleWebKit/537.36 (KHTML, like Gecko) Chrome/137.0.0.0 Safari/537.36','Windows','Chrome'),(266,'/api/v1/admin/get-all-completed-submissions','{\"roll_no\": 12345, \"exam_name\": \"abcd\"}','{\"message\": \"Data fetched successfully\", \"submissions\": [{\"id\": 1, \"sso_id\": \"EMP12345\", \"status\": \"Completed\", \"roll_no\": \"12345\", \"exam_name\": \"abcd\", \"created_at\": \"2025-06-14T09:23:28.000Z\", \"candidate_name\": \"Unknown\"}]}','2025-07-07 12:04:10','::1','','Mozilla/5.0 (Windows NT 10.0; Win64; x64) AppleWebKit/537.36 (KHTML, like Gecko) Chrome/137.0.0.0 Safari/537.36','Windows','Chrome'),(267,'/api/v1/admin/get-admins','{\"headers\": {\"Authorization\": \"Bearer \"}}','{\"admins\": [{\"id\": 1, \"phone_number\": \"8076626273\"}, {\"id\": 6, \"phone_number\": \"9413206493\"}]}','2025-07-07 12:38:51','::ffff:164.100.145.17','','Mozilla/5.0 (Windows NT 10.0; Win64; x64) AppleWebKit/537.36 (KHTML, like Gecko) Chrome/138.0.0.0 Safari/537.36','Windows','Chrome'),(268,'/api/v1/admin/get-admins','{\"headers\": {\"Authorization\": \"Bearer \"}}','{\"admins\": [{\"id\": 1, \"phone_number\": \"8076626273\"}, {\"id\": 6, \"phone_number\": \"9413206493\"}]}','2025-07-07 12:38:51','::ffff:164.100.145.17','','Mozilla/5.0 (Windows NT 10.0; Win64; x64) AppleWebKit/537.36 (KHTML, like Gecko) Chrome/138.0.0.0 Safari/537.36','Windows','Chrome'),(269,'/api/v1/admin/get-all-completed-submissions','{\"exam_name\": \"abcd\"}','{\"message\": \"Data fetched successfully\", \"submissions\": [{\"id\": 1, \"sso_id\": \"EMP12345\", \"status\": \"Completed\", \"roll_no\": \"12345\", \"exam_name\": \"abcd\", \"created_at\": \"2025-06-14T09:23:28.000Z\", \"candidate_name\": \"Unknown\"}]}','2025-07-07 12:56:31','::1','','Mozilla/5.0 (Windows NT 10.0; Win64; x64) AppleWebKit/537.36 (KHTML, like Gecko) Chrome/137.0.0.0 Safari/537.36','Windows','Chrome'),(270,'/api/v1/admin/get-all-completed-submissions','{\"exam_name\": \"abcd\"}','{\"error\": \"Internal server error\"}','2025-07-07 12:56:39','::1','','Mozilla/5.0 (Windows NT 10.0; Win64; x64) AppleWebKit/537.36 (KHTML, like Gecko) Chrome/137.0.0.0 Safari/537.36','Windows','Chrome'),(271,'/api/v1/admin/get-all-completed-submissions','{\"roll_no\": 12, \"exam_name\": \"abcd\"}','{\"message\": \"Data fetched successfully\", \"submissions\": [{\"id\": 1, \"sso_id\": \"EMP12345\", \"status\": \"Completed\", \"roll_no\": \"12345\", \"exam_name\": \"abcd\", \"created_at\": \"2025-06-14T09:23:28.000Z\", \"candidate_name\": \"Unknown\"}]}','2025-07-07 12:56:49','::1','','Mozilla/5.0 (Windows NT 10.0; Win64; x64) AppleWebKit/537.36 (KHTML, like Gecko) Chrome/137.0.0.0 Safari/537.36','Windows','Chrome'),(272,'/api/v1/admin/get-all-completed-submissions','{\"exam_name\": \"abcd\"}','{\"message\": \"Data fetched successfully\", \"submissions\": [{\"id\": 1, \"sso_id\": \"EMP12345\", \"status\": \"Completed\", \"roll_no\": \"12345\", \"exam_name\": \"abcd\", \"created_at\": \"2025-06-14T09:23:28.000Z\", \"candidate_name\": \"Unknown\"}]}','2025-07-07 12:56:50','::1','','Mozilla/5.0 (Windows NT 10.0; Win64; x64) AppleWebKit/537.36 (KHTML, like Gecko) Chrome/137.0.0.0 Safari/537.36','Windows','Chrome'),(273,'/api/v1/admin/login-admins','{\"phone\": \"8076626273\", \"password\": \"Shashant@123\"}','{\"adminId\": 1, \"message\": \"Login successful\", \"success\": true}','2025-07-07 18:11:59','::ffff:47.15.88.185','','Mozilla/5.0 (Windows NT 10.0; Win64; x64) AppleWebKit/537.36 (KHTML, like Gecko) Chrome/138.0.0.0 Safari/537.36','Windows','Chrome'),(274,'/api/v1/admin/get-all-completed-submissions','{\"exam_name\": \"abcd\"}','{\"message\": \"Data fetched successfully\", \"submissions\": [{\"id\": 1, \"sso_id\": \"EMP12345\", \"status\": \"Completed\", \"roll_no\": \"12345\", \"exam_name\": \"abcd\", \"created_at\": \"2025-06-14T09:23:28.000Z\", \"candidate_name\": \"Unknown\"}]}','2025-07-07 18:14:09','::1','','Mozilla/5.0 (Windows NT 10.0; Win64; x64) AppleWebKit/537.36 (KHTML, like Gecko) Chrome/138.0.0.0 Safari/537.36','Windows','Chrome'),(275,'/api/v1/admin/login-admins','{\"phone\": \"8076626273\", \"password\": \"Shashant@123\"}','{\"adminId\": 1, \"message\": \"Login successful\", \"success\": true}','2025-07-07 19:26:03','::ffff:47.15.88.185','','Mozilla/5.0 (Windows NT 10.0; Win64; x64) AppleWebKit/537.36 (KHTML, like Gecko) Chrome/138.0.0.0 Safari/537.36','Windows','Chrome'),(276,'/api/v1/admin/login-admins','{\"phone\": \"8076626273\", \"password\": \"Shashant@123\"}','{\"adminId\": 1, \"message\": \"Login successful\", \"success\": true}','2025-07-07 19:42:14','::ffff:47.15.88.185','','Mozilla/5.0 (Windows NT 10.0; Win64; x64) AppleWebKit/537.36 (KHTML, like Gecko) Chrome/138.0.0.0 Safari/537.36','Windows','Chrome'),(277,'/api/v1/admin/get-all-completed-submissions','{\"exam_name\": \"abcd\"}','{\"message\": \"Data fetched successfully\", \"submissions\": [{\"id\": 1, \"sso_id\": \"EMP12345\", \"status\": \"Completed\", \"roll_no\": \"12345\", \"exam_name\": \"abcd\", \"created_at\": \"2025-06-14T09:23:28.000Z\", \"candidate_name\": \"Unknown\"}]}','2025-07-07 19:45:17','::1','','Mozilla/5.0 (Windows NT 10.0; Win64; x64) AppleWebKit/537.36 (KHTML, like Gecko) Chrome/138.0.0.0 Safari/537.36','Windows','Chrome'),(278,'/api/v1/admin/get-all-completed-submissions','{\"exam_name\": \"dssssa\"}','{\"error\": \"No candidates found for this exam\"}','2025-07-07 19:45:19','::1','','Mozilla/5.0 (Windows NT 10.0; Win64; x64) AppleWebKit/537.36 (KHTML, like Gecko) Chrome/138.0.0.0 Safari/537.36','Windows','Chrome'),(279,'/api/v1/admin/get-all-pending-submissions','{\"exam_name\": \"dssssa\"}','{\"error\": \"No candidates found for this exam\"}','2025-07-07 19:45:24','::1','','Mozilla/5.0 (Windows NT 10.0; Win64; x64) AppleWebKit/537.36 (KHTML, like Gecko) Chrome/138.0.0.0 Safari/537.36','Windows','Chrome'),(280,'/api/v1/admin/get-all-pending-submissions','{\"exam_name\": \"abcd\"}','{\"message\": \"Data fetched successfully\", \"submissions\": []}','2025-07-07 19:45:26','::1','','Mozilla/5.0 (Windows NT 10.0; Win64; x64) AppleWebKit/537.36 (KHTML, like Gecko) Chrome/138.0.0.0 Safari/537.36','Windows','Chrome'),(281,'/api/v1/admin/get-all-completed-submissions','{\"exam_name\": \"abcd\"}','{\"message\": \"Data fetched successfully\", \"submissions\": [{\"id\": 1, \"sso_id\": \"EMP12345\", \"status\": \"Completed\", \"roll_no\": \"12345\", \"exam_name\": \"abcd\", \"created_at\": \"2025-06-14T09:23:28.000Z\", \"candidate_name\": \"Unknown\"}]}','2025-07-07 19:45:28','::1','','Mozilla/5.0 (Windows NT 10.0; Win64; x64) AppleWebKit/537.36 (KHTML, like Gecko) Chrome/138.0.0.0 Safari/537.36','Windows','Chrome'),(282,'/api/v1/admin/get-all-completed-submissions','{\"exam_name\": \"IA-2024\"}','{\"message\": \"Data fetched successfully\", \"submissions\": [{\"id\": 1, \"sso_id\": \"EMP12345\", \"status\": \"Completed\", \"roll_no\": \"12345\", \"exam_name\": \"IA-2024\", \"created_at\": \"2025-06-14T09:23:28.000Z\", \"candidate_name\": \"Unknown\"}]}','2025-07-07 19:48:07','::1','','Mozilla/5.0 (Windows NT 10.0; Win64; x64) AppleWebKit/537.36 (KHTML, like Gecko) Chrome/138.0.0.0 Safari/537.36','Windows','Chrome'),(283,'/api/v1/admin/get-admins','{\"headers\": {\"Authorization\": \"Bearer \"}}','{\"admins\": [{\"id\": 1, \"phone_number\": \"8076626273\"}, {\"id\": 6, \"phone_number\": \"9413206493\"}]}','2025-07-08 03:58:25','::ffff:164.100.145.17','','Mozilla/5.0 (Windows NT 10.0; Win64; x64) AppleWebKit/537.36 (KHTML, like Gecko) Chrome/138.0.0.0 Safari/537.36','Windows','Chrome'),(284,'/api/v1/admin/get-admins','{\"headers\": {\"Authorization\": \"Bearer \"}}','{\"admins\": [{\"id\": 1, \"phone_number\": \"8076626273\"}, {\"id\": 6, \"phone_number\": \"9413206493\"}]}','2025-07-08 03:58:25','::ffff:164.100.145.17','','Mozilla/5.0 (Windows NT 10.0; Win64; x64) AppleWebKit/537.36 (KHTML, like Gecko) Chrome/138.0.0.0 Safari/537.36','Windows','Chrome'),(285,'/api/v1/candidate/submit-responses','{\"data\": \"U2FsdGVkX18/p/2WF8V/1Hcn2v8RpdFXL/8QWG8aXsTHCAc2oDt4K/uoC3ZQNFK7jHPCexH+NTavlUJwSTis5gcZxPbIDtlgeo7of4P8opEQ56gMd9vwOfTxFx3Gi1GKo68CN0vYSpDb87AJ/RLE9Bo4SxbRBsjSn8b/HBhkw7CL8Yj5ZdYwxsd0Q23kOMob9H+pIf/o1DC21gafR7CyufoTcn3HYjoL41zP3zF/fHfqvxRHXtLHr2eDfvPM4o+bwiM++RvfT5mK7WekoJfI8ZLhvc+5TmZLVmC6ZkyRGG99Tg/2vZzogBZ5xGRpAxdJnknNOHiYJ6es/5opl5+AI6+chQgeTX+edKJt3/ekBXfcGUFOFYZ8/lMKPwQM00qdI8/t+5i3UHRkiNCd6tvtghej00oSQedAitClnca4lez7csQdwrjrVlEIcW/Y5v6t+G9zivbnJRVtkuGLtitH44gvT0AEFkRHPmhMoSwZNxYSsmqG8GbCsbfEwCzYXSD+wBVng5fq1kkzEuK3mg1ddSjy6pE/M3FKggpugUZ5/F7N3aWrXPYfKu+Jbvv/mBh1gRBXEdhIp+XG0gVc5FyFcgfyXoIbeN9dW7nogVzYClNSh+Nbg2yGmXBky1L9tiE13C4U7ABsmcEGKa3vnxGxLWRUWGN2JY7x+kO7TqpTrZSNXB/bN/J+7p86V1NHvmqGtgI9cCOVujDXZNypZ4GvhbRASmRc/j3plkAT/9ig8cfux7AIaF51naeXVJkYzrrOinobHut9WE3f4NuJ54Ty/jRK085KykflUER7mhQ5kU+lBZr5c0Yk3EDNZ6mt4NEUKlg/mPx+PNliw2uQsgyNYo8Eg0hda/6Gt4cJ1EB5xbe+BZon1rMG2xwx1oLOb9v2FeM+osOts7gb0Su4xxKFn9cDgdXKonRw8XqX1ltIKd4kGNkPy6hSw9CbQr65lOkolliTBcko19+Rfx8GiQBs/kskbrG2gE9o8s3sSMb6o4wCtnodm4FB0YuiJ7x2JueTe8qYi/13mxhO41UCPEj5HD9RZq3BB3dZkjqxZsVQTwBoD6Rd6G50tWNN0fsJLTmECw2R/CkA6iBqWXnTGoqTL5ESKhbr75q3JfIXelZ4+coC5eR3o9W0RPhsSl1bOTtzFuWQ6AXCLq9w7JIC0vAPHCk3WGwqYgBDgjAFTvXVzhi5UAN6g5+XnJH2u/D/Jke+ZOJMl078fzxSZM4uRmafma2FP8X9EbSgEESQy4Ykidfm4JKpr48GQ5y8RI5YAm7BqQFW2B8xQuyVfiGYj1guZqLmik3o5pAgHjRx9IrWO+hgbIkUEe94BUHf3E15J2gEe82c3JSh5179R36f1AprN6UQ5JSFdaNgA6mkDXGZAo6mFNItI4vXgn26/QKr7wTjNAvlaa9yNob92I1xgsIDVqwBbahvX2y8U+Lt8ZHqZoHbyk19iRXK5DWzu4jHHDaRwxEABdhKNmAAcFccyCLJn1ku0asPojsKywAzh76EzaLIguZAQ3INK37C8sPrWGyK9qYqCGP6Rk64LtYpeRQrDMWjSlkfND4l0THnwNQYnw5ih1SGeNNrRd/RpP+P7KoIdv1R81lp3mmfKCCDnYuTLLbsM39JQRNK5i1fFC4Z8Rdy+mj0/VhtoegTadHbt5suwjHmcVJZZZoNOpBaupMruKptVbZD0/Iawpm0HgN0/J8qKpFI/KB53udd89j+GHO72bUsfX4RkH/hwrIRqqFF3o7ZdJt19IDCjgDb/LkHlS3UBFe1C5x+J0Ltw9yCFqBj1cbtB7Kc3mTvv63Z0QYIjvAAppb/vVbfcZqI4GpQciX34HA0QZz/9BQqrf1E8fpXr/mWhzpDs4cECOGNqbtJbibQaYEhWcDIyN4qCIdv/u8fkgvn24+4ioht5zjCxFhk/p78bAoNFHngsxjDGpEqhg==\"}','{\"error\": \"Internal server error\"}','2025-07-08 04:07:56','::ffff:164.100.145.17','','Mozilla/5.0 (Windows NT 10.0; Win64; x64) AppleWebKit/537.36 (KHTML, like Gecko) Chrome/138.0.0.0 Safari/537.36','Windows','Chrome'),(286,'/api/v1/candidate/submit-responses','{}','{\"error\": \"Missing encrypted payload\"}','2025-07-08 04:18:51','::1','','PostmanRuntime/7.44.1','',''),(287,'/api/v1/candidate/submit-responses','{}','{\"error\": \"Missing encrypted payload\"}','2025-07-08 04:18:53','::1','','PostmanRuntime/7.44.1','',''),(288,'/api/v1/candidate/submit-responses','{}','{\"error\": \"Missing encrypted payload\"}','2025-07-08 04:18:56','::1','','PostmanRuntime/7.44.1','',''),(289,'/api/v1/candidate/submit-responses','{\"data\": \"U2FsdGVkX1/nP+pNGps+3NUXg8ATfOcgA0DNCoWeFFZMTj06Utd2w1NkC9/fAmsZCgvIZgen1XNE+oEQlXqD/A0HMVeXf+wQZuEcYEncUewCkd8mv8nCd39kbqty5OM0PLgwRD/HX49Log0fC5lC9I9zGKl0T6RZKn1HdIin9jKxmQ1B6AzVode8x4AUF/tgCq/j18UfSqzGBfcECdbpM/U1dcnkhRkFDyE1tPECPxTWN6oBocKlq9vCfHLn6uBZ/IVAhX6GOi6go67ux4JSED1hWjT1BAg8lwLmuKZwgAztTpVJDNYgfxw9WpGF8vQ3ckhEtp65B10OG/JU//3pA0zjlZFPIF44yDOYADPqYyod+wntPH6xP0jokq3XqcUpHvpmOzLirlrrM0hwRXxvDKUjwHhuPKRkUA5+3Gdhc5OiyhkiBLoN2j4jx9iznEvH7FfHV1RAxRmbsDqkT/GVuvb4L0Hm5EJ1vHzNpt1KRJezx52KTgC20/PA0IgsVuPPZkIVpYeA56TgJcvw9eAp6Bp7mFB+c/f9iuWXyY5LjqyOI2Sqf1ue0fZuZbVTdN1gMyg1KZJv8ODZrKD7qV0OlTyVwBlkWE0MXsTULG6kvOa4e3c0GjeYrTmOxkUy1F1tRVthUcmpRJh5RjeAB9UBhEubHi6axvXOCjqGzG0l2GkJO1jLpgP2ITSPTfT6CKyL6llsewvdP7pDi6cOBQQG42wCEBMA9KskfTvbrRG7+VKq8LqdDt3Y+J+Ye9ctQbeok0raDpanIpG9u9VadSY4bF0gLYQT3yk17M1UyjhXAqgEED2zZ+he+0MxqlpKjaPu0OToqqKR5QIMD3FHoYpPzwSuS0EhDpWOd/HaKLCOeFLV1a2FUCoTtahPlfgNijtNQDavDwUp0RLkswXdUsDSFMaETYAHSiNuG+U6U1eAMevjSDBsFnrHObYvKBuqA4Z26K+OZ9ngqaQQl8dAzmUaZa/EpZKJWw2s+FIEVnRQoJ5rjtjYUKZPRt2IAGjpn50YBNJAMrZtGfGiCsXQeNjGeQWUKwTl7tr4GTkHi1PYgIcrA5gpiV5fYVs7PJ3d+136e1s9FdR116Y7CHdgz0DmfouzVaQmjobLuaH/ejef4m1kAB0N+k4JRfuiijxBAJm7dVE0uzCuwFLeMSVVJ4wBKdyZeICZlB7Da5F2W419/Alc1gy7rreXT/JlWIo1b6y32b8+H8q+igD+zRKhy/VTy/dZgwLxUK1ALpM433ken2j+1YVlAhIXNvMvGkhuaPpaXxbL/ks5JdgnrFAj3N29lk6/RjEXTpgq529EEekRzzvqV4/hPx++TrKkKzzUMQz8fqUwU3eQYwyZgNP/mTRTSH/g9ioDDPYBg/Iqy17WCtdj2k8DJC1Y1rE9r43eXU2bKw0HYA6naNBPtwjOBhX9oZbKO3oXYRU4luwxNvjEWDsd20jxms3rxcTCVNm+PH8pYiNZDd+5CMPzFGgghan678zSkGJlBnqDX/jesUcHDbuYIGw3gacApir8a7npAqGUwQcHr+VyHKHP1YDg7cECeYxTqsbu/OaJ6SzHC3Tnn/kLZmvuc+cGAF/GrghQpF6T95NPwOUvuyK4DvD90mxOkxXTF4bX9nAUPiTeR0KAuw9+aXhWRdYRNOPH3iohfCO/LvSo76qlbw3ne+rOt95/fQzFNN4kk2uf/YSjxi0BFAN+GpwvqeQwEZHLSV0ppROp6vKVv22LevXILT/XbI7n7j0hYLrd4dnchmtcb2CVLOO5gN05Imr0vnCDcaqcA4+zyzSDLngZVJ+vjEh8fgoV9GNHm0NLzU3eMxq9Ofqgyd9/FOMiJQgNQbHo1EZssEyIMIUIP6N3XGpAz3rqq1F4hz9LkMo8Apne1PXDKos0FEDeUlfFTRmsTpV391RmbWYUBgRaxOTmfyh9TLS1m7INaA==\"}','{\"message\": \"Responses submitted successfully\"}','2025-07-08 04:19:55','::1','','Mozilla/5.0 (Windows NT 10.0; Win64; x64) AppleWebKit/537.36 (KHTML, like Gecko) Chrome/138.0.0.0 Safari/537.36','Windows','Chrome'),(290,'/api/v1/admin/get-sections','{\"exam_name\": \"Programmer-2024\"}','{\"sections\": [{\"id\": 10, \"name\": \"zzzzzzzz\", \"exam_name\": \"Programmer-2024\", \"created_at\": \"2025-06-26T04:29:19.000Z\", \"description\": \"qqqqqqqq\"}, {\"id\": 11, \"name\": \"xffgfgfg\", \"exam_name\": \"Programmer-2024\", \"created_at\": \"2025-06-26T04:45:40.000Z\", \"description\": \"sssssssssss\"}, {\"id\": 12, \"name\": \"xffgfgfg\", \"exam_name\": \"Programmer-2024\", \"created_at\": \"2025-06-26T04:46:04.000Z\", \"description\": \"sssssssssss\"}, {\"id\": 13, \"name\": \"xffgfgfg\", \"exam_name\": \"Programmer-2024\", \"created_at\": \"2025-06-26T04:47:36.000Z\", \"description\": \"sssssssssss\"}]}','2025-07-08 05:13:15','::1','','Mozilla/5.0 (Windows NT 10.0; Win64; x64) AppleWebKit/537.36 (KHTML, like Gecko) Chrome/137.0.0.0 Safari/537.36','Windows','Chrome'),(291,'/api/v1/admin/get-sections','{\"exam_name\": \"IA-2024\"}','{\"sections\": [{\"id\": 1, \"name\": \"Technical Background & Skills\", \"exam_name\": \"IA-2024\", \"created_at\": \"2025-06-14T08:12:02.000Z\", \"description\": \"Section A\"}, {\"id\": 2, \"name\": \"Technical Knowledge\", \"exam_name\": \"IA-2024\", \"created_at\": \"2025-06-14T08:12:02.000Z\", \"description\": \"Section B: MCQ Quiz: Segments of Computer Engineering\"}, {\"id\": 3, \"name\": \"Project Experience\", \"exam_name\": \"IA-2024\", \"created_at\": \"2025-06-14T08:12:02.000Z\", \"description\": \"Section C\"}, {\"id\": 4, \"name\": \"Role Preference\", \"exam_name\": \"IA-2024\", \"created_at\": \"2025-06-14T08:12:02.000Z\", \"description\": \"Section D: MCQ\"}, {\"id\": 5, \"name\": \"Skill Confidence & Interest\", \"exam_name\": \"IA-2024\", \"created_at\": \"2025-06-14T08:12:02.000Z\", \"description\": \"Section E\"}, {\"id\": 6, \"name\": \"Career Goals & Preferences\", \"exam_name\": \"IA-2024\", \"created_at\": \"2025-06-14T08:12:02.000Z\", \"description\": \"Section F\"}, {\"id\": 7, \"name\": \"Technical Preferences\", \"exam_name\": \"IA-2024\", \"created_at\": \"2025-06-14T08:12:02.000Z\", \"description\": \"Section G\"}, {\"id\": 8, \"name\": \"Soft Skills & Workstyle\", \"exam_name\": \"IA-2024\", \"created_at\": \"2025-06-14T08:12:02.000Z\", \"description\": \"Section H\"}, {\"id\": 9, \"name\": \"Motivation & Fit\", \"exam_name\": \"IA-2024\", \"created_at\": \"2025-06-14T08:12:02.000Z\", \"description\": \"Section I\"}]}','2025-07-08 05:13:55','::1','','Mozilla/5.0 (Windows NT 10.0; Win64; x64) AppleWebKit/537.36 (KHTML, like Gecko) Chrome/137.0.0.0 Safari/537.36','Windows','Chrome'),(292,'/api/v1/admin/get-sections','{\"exam_name\": \"Programmer-2024\"}','{\"sections\": [{\"id\": 10, \"name\": \"zzzzzzzz\", \"exam_name\": \"Programmer-2024\", \"created_at\": \"2025-06-26T04:29:19.000Z\", \"description\": \"qqqqqqqq\"}, {\"id\": 11, \"name\": \"xffgfgfg\", \"exam_name\": \"Programmer-2024\", \"created_at\": \"2025-06-26T04:45:40.000Z\", \"description\": \"sssssssssss\"}, {\"id\": 12, \"name\": \"xffgfgfg\", \"exam_name\": \"Programmer-2024\", \"created_at\": \"2025-06-26T04:46:04.000Z\", \"description\": \"sssssssssss\"}, {\"id\": 13, \"name\": \"xffgfgfg\", \"exam_name\": \"Programmer-2024\", \"created_at\": \"2025-06-26T04:47:36.000Z\", \"description\": \"sssssssssss\"}]}','2025-07-08 05:13:59','::1','','Mozilla/5.0 (Windows NT 10.0; Win64; x64) AppleWebKit/537.36 (KHTML, like Gecko) Chrome/137.0.0.0 Safari/537.36','Windows','Chrome'),(293,'/api/v1/admin/get-sections','{\"exam_name\": \"Programmer-2024\"}','{\"sections\": [{\"id\": 11, \"name\": \"xffgfgfg\", \"exam_name\": \"Programmer-2024\", \"created_at\": \"2025-06-26T04:45:40.000Z\", \"description\": \"sssssssssss\"}, {\"id\": 12, \"name\": \"xffgfgfg\", \"exam_name\": \"Programmer-2024\", \"created_at\": \"2025-06-26T04:46:04.000Z\", \"description\": \"sssssssssss\"}, {\"id\": 13, \"name\": \"xffgfgfg\", \"exam_name\": \"Programmer-2024\", \"created_at\": \"2025-06-26T04:47:36.000Z\", \"description\": \"sssssssssss\"}]}','2025-07-08 05:16:39','::1','','Mozilla/5.0 (Windows NT 10.0; Win64; x64) AppleWebKit/537.36 (KHTML, like Gecko) Chrome/137.0.0.0 Safari/537.36','Windows','Chrome'),(294,'/api/v1/admin/delete-section','{\"sectionId\": 10}','{\"message\": \"Section and its associated data deleted successfully\"}','2025-07-08 05:16:40','::1','','Mozilla/5.0 (Windows NT 10.0; Win64; x64) AppleWebKit/537.36 (KHTML, like Gecko) Chrome/137.0.0.0 Safari/537.36','Windows','Chrome'),(295,'/api/v1/admin/delete-section','{\"sectionId\": 12}','{\"message\": \"Section and its associated data deleted successfully\"}','2025-07-08 05:16:47','::1','','Mozilla/5.0 (Windows NT 10.0; Win64; x64) AppleWebKit/537.36 (KHTML, like Gecko) Chrome/137.0.0.0 Safari/537.36','Windows','Chrome'),(296,'/api/v1/admin/get-sections','{\"exam_name\": \"Programmer-2024\"}','{\"sections\": [{\"id\": 11, \"name\": \"xffgfgfg\", \"exam_name\": \"Programmer-2024\", \"created_at\": \"2025-06-26T04:45:40.000Z\", \"description\": \"sssssssssss\"}, {\"id\": 13, \"name\": \"xffgfgfg\", \"exam_name\": \"Programmer-2024\", \"created_at\": \"2025-06-26T04:47:36.000Z\", \"description\": \"sssssssssss\"}]}','2025-07-08 05:16:47','::1','','Mozilla/5.0 (Windows NT 10.0; Win64; x64) AppleWebKit/537.36 (KHTML, like Gecko) Chrome/137.0.0.0 Safari/537.36','Windows','Chrome'),(297,'/api/v1/admin/get-sections','{\"exam_name\": \"Programmer-2024\"}','{\"sections\": [{\"id\": 11, \"name\": \"xffgfgfg\", \"exam_name\": \"Programmer-2024\", \"created_at\": \"2025-06-26T04:45:40.000Z\", \"description\": \"sssssssssss\"}, {\"id\": 13, \"name\": \"xffgfgfg\", \"exam_name\": \"Programmer-2024\", \"created_at\": \"2025-06-26T04:47:36.000Z\", \"description\": \"sssssssssss\"}]}','2025-07-08 05:19:17','::1','','Mozilla/5.0 (Windows NT 10.0; Win64; x64) AppleWebKit/537.36 (KHTML, like Gecko) Chrome/137.0.0.0 Safari/537.36','Windows','Chrome'),(298,'/api/v1/admin/get-sections','{\"exam_name\": \"Programmer-2024\"}','{\"sections\": [{\"id\": 11, \"name\": \"xffgfgfg\", \"exam_name\": \"Programmer-2024\", \"created_at\": \"2025-06-26T04:45:40.000Z\", \"description\": \"sssssssssss\"}, {\"id\": 13, \"name\": \"xffgfgfg\", \"exam_name\": \"Programmer-2024\", \"created_at\": \"2025-06-26T04:47:36.000Z\", \"description\": \"sssssssssss\"}]}','2025-07-08 05:23:36','::1','','Mozilla/5.0 (Windows NT 10.0; Win64; x64) AppleWebKit/537.36 (KHTML, like Gecko) Chrome/137.0.0.0 Safari/537.36','Windows','Chrome'),(299,'/api/v1/admin/edit-section','{\"section\": {\"name\": \"Ramessha\", \"section_id\": 11, \"description\": \"Rameshshjh\"}}','{\"message\": \"Section updated successfully\"}','2025-07-08 05:24:45','::1','','Mozilla/5.0 (Windows NT 10.0; Win64; x64) AppleWebKit/537.36 (KHTML, like Gecko) Chrome/137.0.0.0 Safari/537.36','Windows','Chrome'),(300,'/api/v1/admin/get-sections','{\"exam_name\": \"Programmer-2024\"}','{\"sections\": [{\"id\": 11, \"name\": \"Ramessha\", \"exam_name\": \"Programmer-2024\", \"created_at\": \"2025-06-26T04:45:40.000Z\", \"description\": \"Rameshshjh\"}, {\"id\": 13, \"name\": \"xffgfgfg\", \"exam_name\": \"Programmer-2024\", \"created_at\": \"2025-06-26T04:47:36.000Z\", \"description\": \"sssssssssss\"}]}','2025-07-08 05:24:45','::1','','Mozilla/5.0 (Windows NT 10.0; Win64; x64) AppleWebKit/537.36 (KHTML, like Gecko) Chrome/137.0.0.0 Safari/537.36','Windows','Chrome'),(301,'/api/v1/admin/add-section','{\"name\": \"Rahul\", \"exam_name\": \"Programmer-2024\", \"description\": \"rahull\"}','{\"error\": \"Missing encrypted payload\"}','2025-07-08 05:25:03','::1','','Mozilla/5.0 (Windows NT 10.0; Win64; x64) AppleWebKit/537.36 (KHTML, like Gecko) Chrome/137.0.0.0 Safari/537.36','Windows','Chrome'),(302,'/api/v1/admin/add-section','{\"name\": \"Rahul\", \"exam_name\": \"Programmer-2024\", \"description\": \"rahull\"}','{\"error\": \"Missing encrypted payload\"}','2025-07-08 05:26:13','::1','','Mozilla/5.0 (Windows NT 10.0; Win64; x64) AppleWebKit/537.36 (KHTML, like Gecko) Chrome/137.0.0.0 Safari/537.36','Windows','Chrome'),(303,'/api/v1/admin/get-sections','{\"exam_name\": \"Programmer-2024\"}','{\"sections\": [{\"id\": 11, \"name\": \"Ramessha\", \"exam_name\": \"Programmer-2024\", \"created_at\": \"2025-06-26T04:45:40.000Z\", \"description\": \"Rameshshjh\"}, {\"id\": 13, \"name\": \"xffgfgfg\", \"exam_name\": \"Programmer-2024\", \"created_at\": \"2025-06-26T04:47:36.000Z\", \"description\": \"sssssssssss\"}, {\"id\": 14, \"name\": \"Test\", \"exam_name\": \"Programmer-2024\", \"created_at\": \"2025-07-07T23:57:16.000Z\", \"description\": \"test\"}]}','2025-07-08 05:27:16','::1','','Mozilla/5.0 (Windows NT 10.0; Win64; x64) AppleWebKit/537.36 (KHTML, like Gecko) Chrome/137.0.0.0 Safari/537.36','Windows','Chrome'),(304,'/api/v1/admin/get-sections','{\"exam_name\": \"Programmer-2024\"}','{\"sections\": [{\"id\": 11, \"name\": \"Ramessha\", \"exam_name\": \"Programmer-2024\", \"created_at\": \"2025-06-26T04:45:40.000Z\", \"description\": \"Rameshshjh\"}, {\"id\": 13, \"name\": \"xffgfgfg\", \"exam_name\": \"Programmer-2024\", \"created_at\": \"2025-06-26T04:47:36.000Z\", \"description\": \"sssssssssss\"}, {\"id\": 14, \"name\": \"Test\", \"exam_name\": \"Programmer-2024\", \"created_at\": \"2025-07-07T23:57:16.000Z\", \"description\": \"test\"}, {\"id\": 15, \"name\": \"Testerer\", \"exam_name\": \"Programmer-2024\", \"created_at\": \"2025-07-07T23:59:52.000Z\", \"description\": \"Testeaerea\"}]}','2025-07-08 05:29:54','::1','','Mozilla/5.0 (Windows NT 10.0; Win64; x64) AppleWebKit/537.36 (KHTML, like Gecko) Chrome/137.0.0.0 Safari/537.36','Windows','Chrome'),(305,'/api/v1/admin/get-sections','{\"exam_name\": \"IA-2024\"}','{\"sections\": [{\"id\": 1, \"name\": \"Technical Background & Skills\", \"exam_name\": \"IA-2024\", \"created_at\": \"2025-06-14T08:12:02.000Z\", \"description\": \"Section A\"}, {\"id\": 2, \"name\": \"Technical Knowledge\", \"exam_name\": \"IA-2024\", \"created_at\": \"2025-06-14T08:12:02.000Z\", \"description\": \"Section B: MCQ Quiz: Segments of Computer Engineering\"}, {\"id\": 3, \"name\": \"Project Experience\", \"exam_name\": \"IA-2024\", \"created_at\": \"2025-06-14T08:12:02.000Z\", \"description\": \"Section C\"}, {\"id\": 4, \"name\": \"Role Preference\", \"exam_name\": \"IA-2024\", \"created_at\": \"2025-06-14T08:12:02.000Z\", \"description\": \"Section D: MCQ\"}, {\"id\": 5, \"name\": \"Skill Confidence & Interest\", \"exam_name\": \"IA-2024\", \"created_at\": \"2025-06-14T08:12:02.000Z\", \"description\": \"Section E\"}, {\"id\": 6, \"name\": \"Career Goals & Preferences\", \"exam_name\": \"IA-2024\", \"created_at\": \"2025-06-14T08:12:02.000Z\", \"description\": \"Section F\"}, {\"id\": 7, \"name\": \"Technical Preferences\", \"exam_name\": \"IA-2024\", \"created_at\": \"2025-06-14T08:12:02.000Z\", \"description\": \"Section G\"}, {\"id\": 8, \"name\": \"Soft Skills & Workstyle\", \"exam_name\": \"IA-2024\", \"created_at\": \"2025-06-14T08:12:02.000Z\", \"description\": \"Section H\"}, {\"id\": 9, \"name\": \"Motivation & Fit\", \"exam_name\": \"IA-2024\", \"created_at\": \"2025-06-14T08:12:02.000Z\", \"description\": \"Section I\"}]}','2025-07-08 05:30:07','::1','','Mozilla/5.0 (Windows NT 10.0; Win64; x64) AppleWebKit/537.36 (KHTML, like Gecko) Chrome/137.0.0.0 Safari/537.36','Windows','Chrome'),(306,'/api/v1/admin/get-sections','{\"exam_name\": \"Programmer-2024\"}','{\"sections\": [{\"id\": 11, \"name\": \"Ramessha\", \"exam_name\": \"Programmer-2024\", \"created_at\": \"2025-06-26T04:45:40.000Z\", \"description\": \"Rameshshjh\"}, {\"id\": 13, \"name\": \"xffgfgfg\", \"exam_name\": \"Programmer-2024\", \"created_at\": \"2025-06-26T04:47:36.000Z\", \"description\": \"sssssssssss\"}, {\"id\": 14, \"name\": \"Test\", \"exam_name\": \"Programmer-2024\", \"created_at\": \"2025-07-07T23:57:16.000Z\", \"description\": \"test\"}, {\"id\": 15, \"name\": \"Testerer\", \"exam_name\": \"Programmer-2024\", \"created_at\": \"2025-07-07T23:59:52.000Z\", \"description\": \"Testeaerea\"}]}','2025-07-08 05:30:50','::1','','Mozilla/5.0 (Windows NT 10.0; Win64; x64) AppleWebKit/537.36 (KHTML, like Gecko) Chrome/137.0.0.0 Safari/537.36','Windows','Chrome'),(307,'/api/v1/admin/get-sections','{\"exam_name\": \"IA-2024\"}','{\"sections\": [{\"id\": 1, \"name\": \"Technical Background & Skills\", \"exam_name\": \"IA-2024\", \"created_at\": \"2025-06-14T08:12:02.000Z\", \"description\": \"Section A\"}, {\"id\": 2, \"name\": \"Technical Knowledge\", \"exam_name\": \"IA-2024\", \"created_at\": \"2025-06-14T08:12:02.000Z\", \"description\": \"Section B: MCQ Quiz: Segments of Computer Engineering\"}, {\"id\": 3, \"name\": \"Project Experience\", \"exam_name\": \"IA-2024\", \"created_at\": \"2025-06-14T08:12:02.000Z\", \"description\": \"Section C\"}, {\"id\": 4, \"name\": \"Role Preference\", \"exam_name\": \"IA-2024\", \"created_at\": \"2025-06-14T08:12:02.000Z\", \"description\": \"Section D: MCQ\"}, {\"id\": 5, \"name\": \"Skill Confidence & Interest\", \"exam_name\": \"IA-2024\", \"created_at\": \"2025-06-14T08:12:02.000Z\", \"description\": \"Section E\"}, {\"id\": 6, \"name\": \"Career Goals & Preferences\", \"exam_name\": \"IA-2024\", \"created_at\": \"2025-06-14T08:12:02.000Z\", \"description\": \"Section F\"}, {\"id\": 7, \"name\": \"Technical Preferences\", \"exam_name\": \"IA-2024\", \"created_at\": \"2025-06-14T08:12:02.000Z\", \"description\": \"Section G\"}, {\"id\": 8, \"name\": \"Soft Skills & Workstyle\", \"exam_name\": \"IA-2024\", \"created_at\": \"2025-06-14T08:12:02.000Z\", \"description\": \"Section H\"}, {\"id\": 9, \"name\": \"Motivation & Fit\", \"exam_name\": \"IA-2024\", \"created_at\": \"2025-06-14T08:12:02.000Z\", \"description\": \"Section I\"}]}','2025-07-08 05:32:45','::1','','Mozilla/5.0 (Windows NT 10.0; Win64; x64) AppleWebKit/537.36 (KHTML, like Gecko) Chrome/137.0.0.0 Safari/537.36','Windows','Chrome'),(308,'/api/v1/admin/get-admins','{\"headers\": {\"Authorization\": \"Bearer \"}}','{\"admins\": [{\"id\": 1, \"phone_number\": \"8076626273\"}, {\"id\": 6, \"phone_number\": \"9413206493\"}]}','2025-07-08 05:32:56','::ffff:164.100.145.17','','Mozilla/5.0 (Windows NT 10.0; Win64; x64) AppleWebKit/537.36 (KHTML, like Gecko) Chrome/137.0.0.0 Safari/537.36','Windows','Chrome'),(309,'/api/v1/admin/get-admins','{\"headers\": {\"Authorization\": \"Bearer \"}}','{\"admins\": [{\"id\": 1, \"phone_number\": \"8076626273\"}, {\"id\": 6, \"phone_number\": \"9413206493\"}]}','2025-07-08 05:32:56','::ffff:164.100.145.17','','Mozilla/5.0 (Windows NT 10.0; Win64; x64) AppleWebKit/537.36 (KHTML, like Gecko) Chrome/137.0.0.0 Safari/537.36','Windows','Chrome'),(310,'/api/v1/admin/get-admins','{\"headers\": {\"Authorization\": \"Bearer \"}}','{\"admins\": [{\"id\": 1, \"phone_number\": \"8076626273\"}, {\"id\": 6, \"phone_number\": \"9413206493\"}]}','2025-07-08 05:32:57','::ffff:164.100.145.17','','Mozilla/5.0 (Windows NT 10.0; Win64; x64) AppleWebKit/537.36 (KHTML, like Gecko) Chrome/137.0.0.0 Safari/537.36','Windows','Chrome'),(311,'/api/v1/admin/get-admins','{\"headers\": {\"Authorization\": \"Bearer \"}}','{\"admins\": [{\"id\": 1, \"phone_number\": \"8076626273\"}, {\"id\": 6, \"phone_number\": \"9413206493\"}]}','2025-07-08 05:32:57','::ffff:164.100.145.17','','Mozilla/5.0 (Windows NT 10.0; Win64; x64) AppleWebKit/537.36 (KHTML, like Gecko) Chrome/137.0.0.0 Safari/537.36','Windows','Chrome'),(312,'/api/v1/admin/get-admins','{\"headers\": {\"Authorization\": \"Bearer \"}}','{\"admins\": [{\"id\": 1, \"phone_number\": \"8076626273\"}, {\"id\": 6, \"phone_number\": \"9413206493\"}]}','2025-07-08 05:38:18','::ffff:164.100.145.17','','Mozilla/5.0 (Windows NT 10.0; Win64; x64) AppleWebKit/537.36 (KHTML, like Gecko) Chrome/137.0.0.0 Safari/537.36','Windows','Chrome'),(313,'/api/v1/admin/get-admins','{\"headers\": {\"Authorization\": \"Bearer \"}}','{\"admins\": [{\"id\": 1, \"phone_number\": \"8076626273\"}, {\"id\": 6, \"phone_number\": \"9413206493\"}]}','2025-07-08 05:38:18','::ffff:164.100.145.17','','Mozilla/5.0 (Windows NT 10.0; Win64; x64) AppleWebKit/537.36 (KHTML, like Gecko) Chrome/137.0.0.0 Safari/537.36','Windows','Chrome'),(314,'/api/v1/admin/get-admins','{\"headers\": {\"Authorization\": \"Bearer \"}}','{\"admins\": [{\"id\": 1, \"phone_number\": \"8076626273\"}, {\"id\": 6, \"phone_number\": \"9413206493\"}]}','2025-07-08 05:39:24','::ffff:164.100.145.17','','Mozilla/5.0 (Windows NT 10.0; Win64; x64) AppleWebKit/537.36 (KHTML, like Gecko) Chrome/137.0.0.0 Safari/537.36','Windows','Chrome'),(315,'/api/v1/admin/get-admins','{\"headers\": {\"Authorization\": \"Bearer \"}}','{\"admins\": [{\"id\": 1, \"phone_number\": \"8076626273\"}, {\"id\": 6, \"phone_number\": \"9413206493\"}]}','2025-07-08 05:39:24','::ffff:164.100.145.17','','Mozilla/5.0 (Windows NT 10.0; Win64; x64) AppleWebKit/537.36 (KHTML, like Gecko) Chrome/137.0.0.0 Safari/537.36','Windows','Chrome'),(316,'/api/v1/admin/get-admins','{\"headers\": {\"Authorization\": \"Bearer \"}}','{\"admins\": [{\"id\": 1, \"phone_number\": \"8076626273\"}, {\"id\": 6, \"phone_number\": \"9413206493\"}]}','2025-07-08 05:39:25','::ffff:164.100.145.17','','Mozilla/5.0 (Windows NT 10.0; Win64; x64) AppleWebKit/537.36 (KHTML, like Gecko) Chrome/137.0.0.0 Safari/537.36','Windows','Chrome'),(317,'/api/v1/admin/get-admins','{\"headers\": {\"Authorization\": \"Bearer \"}}','{\"admins\": [{\"id\": 1, \"phone_number\": \"8076626273\"}, {\"id\": 6, \"phone_number\": \"9413206493\"}]}','2025-07-08 05:39:25','::ffff:164.100.145.17','','Mozilla/5.0 (Windows NT 10.0; Win64; x64) AppleWebKit/537.36 (KHTML, like Gecko) Chrome/137.0.0.0 Safari/537.36','Windows','Chrome'),(318,'/api/v1/admin/get-all-completed-submissions','{\"exam_name\": \"IA-2024\"}','{\"message\": \"Data fetched successfully\", \"submissions\": [{\"id\": 1, \"sso_id\": \"EMP12345\", \"status\": \"Completed\", \"roll_no\": \"12345\", \"exam_name\": \"IA-2024\", \"created_at\": \"2025-06-14T09:23:28.000Z\", \"candidate_name\": \"Unknown\"}]}','2025-07-08 05:41:40','::1','','Mozilla/5.0 (Windows NT 10.0; Win64; x64) AppleWebKit/537.36 (KHTML, like Gecko) Chrome/137.0.0.0 Safari/537.36','Windows','Chrome'),(319,'/api/v1/admin/get-all-pending-submissions','{\"exam_name\": \"IA-2024\"}','{\"message\": \"Data fetched successfully\", \"submissions\": []}','2025-07-08 05:41:57','::1','','Mozilla/5.0 (Windows NT 10.0; Win64; x64) AppleWebKit/537.36 (KHTML, like Gecko) Chrome/137.0.0.0 Safari/537.36','Windows','Chrome'),(320,'/api/v1/admin/get-all-completed-submissions','{\"exam_name\": \"IA-2024\"}','{\"message\": \"Data fetched successfully\", \"submissions\": [{\"id\": 1, \"sso_id\": \"EMP12345\", \"status\": \"Completed\", \"roll_no\": \"12345\", \"exam_name\": \"IA-2024\", \"created_at\": \"2025-06-14T09:23:28.000Z\", \"candidate_name\": \"Unknown\"}]}','2025-07-08 05:41:58','::1','','Mozilla/5.0 (Windows NT 10.0; Win64; x64) AppleWebKit/537.36 (KHTML, like Gecko) Chrome/137.0.0.0 Safari/537.36','Windows','Chrome'),(321,'/api/v1/admin/get-all-completed-submissions','{\"exam_name\": \"IA-2024\"}','{\"message\": \"Data fetched successfully\", \"submissions\": [{\"id\": 1, \"sso_id\": \"EMP12345\", \"status\": \"Completed\", \"roll_no\": \"12345\", \"exam_name\": \"IA-2024\", \"created_at\": \"2025-06-14T09:23:28.000Z\", \"candidate_name\": \"Unknown\"}]}','2025-07-08 05:42:57','::1','','Mozilla/5.0 (Windows NT 10.0; Win64; x64) AppleWebKit/537.36 (KHTML, like Gecko) Chrome/137.0.0.0 Safari/537.36','Windows','Chrome'),(322,'/api/v1/admin/get-all-pending-submissions','{\"exam_name\": \"IA-2024\"}','{\"message\": \"Data fetched successfully\", \"submissions\": []}','2025-07-08 05:44:08','::1','','Mozilla/5.0 (Windows NT 10.0; Win64; x64) AppleWebKit/537.36 (KHTML, like Gecko) Chrome/137.0.0.0 Safari/537.36','Windows','Chrome'),(323,'/api/v1/admin/get-all-completed-submissions','{\"exam_name\": \"IA-2024\"}','{\"message\": \"Data fetched successfully\", \"submissions\": [{\"id\": 1, \"sso_id\": \"EMP12345\", \"status\": \"Completed\", \"roll_no\": \"12345\", \"exam_name\": \"IA-2024\", \"created_at\": \"2025-06-14T09:23:28.000Z\", \"candidate_name\": \"Unknown\"}]}','2025-07-08 05:44:10','::1','','Mozilla/5.0 (Windows NT 10.0; Win64; x64) AppleWebKit/537.36 (KHTML, like Gecko) Chrome/137.0.0.0 Safari/537.36','Windows','Chrome'),(324,'/api/v1/admin/get-all-completed-submissions','{\"exam_name\": \"IA-2024\"}','{\"message\": \"Data fetched successfully\", \"submissions\": [{\"id\": 1, \"sso_id\": \"EMP12345\", \"status\": \"Completed\", \"roll_no\": \"12345\", \"exam_name\": \"IA-2024\", \"created_at\": \"2025-06-14T09:23:28.000Z\", \"candidate_name\": \"Unknown\"}]}','2025-07-08 05:46:29','::1','','Mozilla/5.0 (Windows NT 10.0; Win64; x64) AppleWebKit/537.36 (KHTML, like Gecko) Chrome/137.0.0.0 Safari/537.36','Windows','Chrome'),(325,'/api/v1/admin/get-all-completed-submissions','{\"exam_name\": \"Programmer-2024\"}','{\"error\": \"No candidates found for this exam\"}','2025-07-08 05:46:32','::1','','Mozilla/5.0 (Windows NT 10.0; Win64; x64) AppleWebKit/537.36 (KHTML, like Gecko) Chrome/137.0.0.0 Safari/537.36','Windows','Chrome'),(326,'/api/v1/admin/get-all-completed-submissions','{\"exam_name\": \"Programmer-2024\"}','{\"error\": \"No candidates found for this exam\"}','2025-07-08 05:46:37','::1','','Mozilla/5.0 (Windows NT 10.0; Win64; x64) AppleWebKit/537.36 (KHTML, like Gecko) Chrome/137.0.0.0 Safari/537.36','Windows','Chrome'),(327,'/api/v1/admin/get-admins','{\"headers\": {\"Authorization\": \"Bearer \"}}','{\"admins\": [{\"id\": 1, \"phone_number\": \"8076626273\"}, {\"id\": 6, \"phone_number\": \"9413206493\"}]}','2025-07-08 05:47:35','::ffff:164.100.145.17','','Mozilla/5.0 (Windows NT 10.0; Win64; x64) AppleWebKit/537.36 (KHTML, like Gecko) Chrome/137.0.0.0 Safari/537.36','Windows','Chrome'),(328,'/api/v1/admin/get-admins','{\"headers\": {\"Authorization\": \"Bearer \"}}','{\"admins\": [{\"id\": 1, \"phone_number\": \"8076626273\"}, {\"id\": 6, \"phone_number\": \"9413206493\"}]}','2025-07-08 05:47:35','::ffff:164.100.145.17','','Mozilla/5.0 (Windows NT 10.0; Win64; x64) AppleWebKit/537.36 (KHTML, like Gecko) Chrome/137.0.0.0 Safari/537.36','Windows','Chrome'),(329,'/api/v1/admin/update-question','{\"question\": {\"options\": [{\"rating\": 1, \"option_id\": 24, \"option_text\": \"Embedded Systems\"}, {\"rating\": 5, \"option_id\": 25, \"option_text\": \"Web Development\"}, {\"rating\": 3, \"option_id\": 26, \"option_text\": \"Database Systems\"}, {\"rating\": 2, \"option_id\": 27, \"option_text\": \"Computer Networks\"}], \"question_id\": 7, \"question_text\": \"Which segment focuses on building applications like websites and mobile apps?\"}}','{\"message\": \"Question and options updated successfully\"}','2025-07-08 05:50:56','::ffff:164.100.145.17','','Mozilla/5.0 (Windows NT 10.0; Win64; x64) AppleWebKit/537.36 (KHTML, like Gecko) Chrome/137.0.0.0 Safari/537.36','Windows','Chrome'),(330,'/api/v1/admin/get-admins','{\"headers\": {\"Authorization\": \"Bearer \"}}','{\"admins\": [{\"id\": 1, \"phone_number\": \"8076626273\"}, {\"id\": 6, \"phone_number\": \"9413206493\"}]}','2025-07-08 05:51:27','::ffff:164.100.145.17','','Mozilla/5.0 (Windows NT 10.0; Win64; x64) AppleWebKit/537.36 (KHTML, like Gecko) Chrome/137.0.0.0 Safari/537.36','Windows','Chrome'),(331,'/api/v1/admin/get-admins','{\"headers\": {\"Authorization\": \"Bearer \"}}','{\"admins\": [{\"id\": 1, \"phone_number\": \"8076626273\"}, {\"id\": 6, \"phone_number\": \"9413206493\"}]}','2025-07-08 05:51:27','::ffff:164.100.145.17','','Mozilla/5.0 (Windows NT 10.0; Win64; x64) AppleWebKit/537.36 (KHTML, like Gecko) Chrome/137.0.0.0 Safari/537.36','Windows','Chrome'),(332,'/api/v1/admin/get-admins','{\"headers\": {\"Authorization\": \"Bearer \"}}','{\"admins\": [{\"id\": 1, \"phone_number\": \"8076626273\"}, {\"id\": 6, \"phone_number\": \"9413206493\"}]}','2025-07-08 05:51:28','::ffff:164.100.145.17','','Mozilla/5.0 (Windows NT 10.0; Win64; x64) AppleWebKit/537.36 (KHTML, like Gecko) Chrome/137.0.0.0 Safari/537.36','Windows','Chrome'),(333,'/api/v1/admin/get-admins','{\"headers\": {\"Authorization\": \"Bearer \"}}','{\"admins\": [{\"id\": 1, \"phone_number\": \"8076626273\"}, {\"id\": 6, \"phone_number\": \"9413206493\"}]}','2025-07-08 05:51:28','::ffff:164.100.145.17','','Mozilla/5.0 (Windows NT 10.0; Win64; x64) AppleWebKit/537.36 (KHTML, like Gecko) Chrome/137.0.0.0 Safari/537.36','Windows','Chrome'),(334,'/api/v1/admin/get-admins','{\"headers\": {\"Authorization\": \"Bearer \"}}','{\"admins\": [{\"id\": 1, \"phone_number\": \"8076626273\"}, {\"id\": 6, \"phone_number\": \"9413206493\"}]}','2025-07-08 06:19:56','::ffff:164.100.145.17','','Mozilla/5.0 (Windows NT 10.0; Win64; x64) AppleWebKit/537.36 (KHTML, like Gecko) Chrome/137.0.0.0 Safari/537.36','Windows','Chrome'),(335,'/api/v1/admin/get-admins','{\"headers\": {\"Authorization\": \"Bearer \"}}','{\"admins\": [{\"id\": 1, \"phone_number\": \"8076626273\"}, {\"id\": 6, \"phone_number\": \"9413206493\"}]}','2025-07-08 06:19:56','::ffff:164.100.145.17','','Mozilla/5.0 (Windows NT 10.0; Win64; x64) AppleWebKit/537.36 (KHTML, like Gecko) Chrome/137.0.0.0 Safari/537.36','Windows','Chrome'),(336,'/api/v1/admin/get-sections','{\"exam_name\": \"Programmer-2024\"}','{\"sections\": [{\"id\": 11, \"name\": \"Ramessha\", \"exam_name\": \"Programmer-2024\", \"created_at\": \"2025-06-26T04:45:40.000Z\", \"description\": \"Rameshshjh\"}, {\"id\": 13, \"name\": \"xffgfgfg\", \"exam_name\": \"Programmer-2024\", \"created_at\": \"2025-06-26T04:47:36.000Z\", \"description\": \"sssssssssss\"}, {\"id\": 14, \"name\": \"Test\", \"exam_name\": \"Programmer-2024\", \"created_at\": \"2025-07-07T23:57:16.000Z\", \"description\": \"test\"}, {\"id\": 15, \"name\": \"Testerer\", \"exam_name\": \"Programmer-2024\", \"created_at\": \"2025-07-07T23:59:52.000Z\", \"description\": \"Testeaerea\"}]}','2025-07-08 06:19:59','::1','','Mozilla/5.0 (Windows NT 10.0; Win64; x64) AppleWebKit/537.36 (KHTML, like Gecko) Chrome/137.0.0.0 Safari/537.36','Windows','Chrome'),(337,'/api/v1/admin/get-admins','{\"headers\": {\"Authorization\": \"Bearer \"}}','{\"admins\": [{\"id\": 1, \"phone_number\": \"8076626273\"}, {\"id\": 6, \"phone_number\": \"9413206493\"}]}','2025-07-08 06:20:06','::ffff:164.100.145.17','','Mozilla/5.0 (Windows NT 10.0; Win64; x64) AppleWebKit/537.36 (KHTML, like Gecko) Chrome/137.0.0.0 Safari/537.36','Windows','Chrome'),(338,'/api/v1/admin/get-admins','{\"headers\": {\"Authorization\": \"Bearer \"}}','{\"admins\": [{\"id\": 1, \"phone_number\": \"8076626273\"}, {\"id\": 6, \"phone_number\": \"9413206493\"}]}','2025-07-08 06:20:06','::ffff:164.100.145.17','','Mozilla/5.0 (Windows NT 10.0; Win64; x64) AppleWebKit/537.36 (KHTML, like Gecko) Chrome/137.0.0.0 Safari/537.36','Windows','Chrome'),(339,'/api/v1/admin/get-admins','{\"headers\": {\"Authorization\": \"Bearer \"}}','{\"admins\": [{\"id\": 1, \"phone_number\": \"8076626273\"}, {\"id\": 6, \"phone_number\": \"9413206493\"}]}','2025-07-08 06:20:10','::ffff:164.100.145.17','','Mozilla/5.0 (Windows NT 10.0; Win64; x64) AppleWebKit/537.36 (KHTML, like Gecko) Chrome/137.0.0.0 Safari/537.36','Windows','Chrome'),(340,'/api/v1/admin/get-admins','{\"headers\": {\"Authorization\": \"Bearer \"}}','{\"admins\": [{\"id\": 1, \"phone_number\": \"8076626273\"}, {\"id\": 6, \"phone_number\": \"9413206493\"}]}','2025-07-08 06:20:10','::ffff:164.100.145.17','','Mozilla/5.0 (Windows NT 10.0; Win64; x64) AppleWebKit/537.36 (KHTML, like Gecko) Chrome/137.0.0.0 Safari/537.36','Windows','Chrome'),(341,'/api/v1/admin/login-admins','{\"phone\": \"8076626273\", \"password\": \"Shashant@123\"}','{\"adminId\": 1, \"message\": \"Login successful\", \"success\": true}','2025-07-08 06:38:41','::ffff:164.100.145.17','','Mozilla/5.0 (Windows NT 10.0; Win64; x64) AppleWebKit/537.36 (KHTML, like Gecko) Chrome/138.0.0.0 Safari/537.36','Windows','Chrome'),(342,'/api/v1/admin/login-admins','{\"phone\": \"8076626273\", \"password\": \"Shashant@123\"}','{\"adminId\": 1, \"message\": \"Login successful\", \"success\": true}','2025-07-08 08:01:46','::ffff:47.15.89.72','','Mozilla/5.0 (Windows NT 10.0; Win64; x64) AppleWebKit/537.36 (KHTML, like Gecko) Chrome/138.0.0.0 Safari/537.36','Windows','Chrome'),(343,'/api/v1/admin/login-admins','{\"phone\": \"8076626273\", \"password\": \"Shashant@123\"}','{\"adminId\": 1, \"message\": \"Login successful\", \"success\": true}','2025-07-08 09:12:42','::ffff:164.100.222.44','','Mozilla/5.0 (Windows NT 10.0; Win64; x64) AppleWebKit/537.36 (KHTML, like Gecko) Chrome/137.0.0.0 Safari/537.36','Windows','Chrome');
/*!40000 ALTER TABLE `api_logs` ENABLE KEYS */;
UNLOCK TABLES;

--
-- Table structure for table `candidates`
--

DROP TABLE IF EXISTS `candidates`;
/*!40101 SET @saved_cs_client     = @@character_set_client */;
/*!50503 SET character_set_client = utf8mb4 */;
CREATE TABLE `candidates` (
  `id` int NOT NULL AUTO_INCREMENT,
  `sso_id` varchar(100) NOT NULL,
  `roll_no` varchar(50) DEFAULT NULL,
  `exam_name` varchar(255) DEFAULT NULL,
  `candidate_name` varchar(255) DEFAULT 'Unknown',
  `created_at` datetime DEFAULT CURRENT_TIMESTAMP,
  PRIMARY KEY (`id`),
  UNIQUE KEY `sso_id` (`sso_id`)
) ENGINE=InnoDB AUTO_INCREMENT=2 DEFAULT CHARSET=utf8mb4 COLLATE=utf8mb4_0900_ai_ci;
/*!40101 SET character_set_client = @saved_cs_client */;

--
-- Dumping data for table `candidates`
--

LOCK TABLES `candidates` WRITE;
/*!40000 ALTER TABLE `candidates` DISABLE KEYS */;
INSERT INTO `candidates` VALUES (1,'EMP12345','12345','IA-2024','Unknown','2025-06-14 14:53:28');
/*!40000 ALTER TABLE `candidates` ENABLE KEYS */;
UNLOCK TABLES;

--
-- Table structure for table `options`
--

DROP TABLE IF EXISTS `options`;
/*!40101 SET @saved_cs_client     = @@character_set_client */;
/*!50503 SET character_set_client = utf8mb4 */;
CREATE TABLE `options` (
  `id` int NOT NULL AUTO_INCREMENT,
  `question_id` int NOT NULL,
  `text` text NOT NULL,
  `rating` int NOT NULL,
  `created_at` datetime DEFAULT CURRENT_TIMESTAMP,
  PRIMARY KEY (`id`),
  KEY `question_id` (`question_id`),
  CONSTRAINT `options_ibfk_1` FOREIGN KEY (`question_id`) REFERENCES `questions` (`id`) ON DELETE CASCADE
) ENGINE=InnoDB AUTO_INCREMENT=150 DEFAULT CHARSET=utf8mb4 COLLATE=utf8mb4_0900_ai_ci;
/*!40101 SET character_set_client = @saved_cs_client */;

--
-- Dumping data for table `options`
--

LOCK TABLES `options` WRITE;
/*!40000 ALTER TABLE `options` DISABLE KEYS */;
INSERT INTO `options` VALUES (1,1,'Diploma in Computer Science/IT',1,'2025-06-14 13:46:51'),(2,1,'B.Sc. in Computer Science',2,'2025-06-14 13:46:51'),(3,1,'B.E./B.Tech in CS/IT',3,'2025-06-14 13:46:51'),(5,2,'Less than 1 year',1,'2025-06-14 13:46:51'),(6,2,'1–2 years',2,'2025-06-14 13:46:51'),(7,2,'3–5 years',3,'2025-06-14 13:46:51'),(8,2,'5+ years',4,'2025-06-14 13:46:51'),(9,3,'Java',5,'2025-06-14 13:46:51'),(10,3,'JavaScript/ Type Script',5,'2025-06-14 13:46:51'),(11,3,'C#, VB',4,'2025-06-14 13:46:51'),(12,3,'PHP',3,'2025-06-14 13:46:51'),(13,4,'Django',5,'2025-06-14 13:46:51'),(14,4,'Spring Boot',5,'2025-06-14 13:46:51'),(15,4,'.NET',4,'2025-06-14 13:46:51'),(16,4,'Laravel / Other PHP Framework',4,'2025-06-14 13:46:51'),(17,5,'Yes, I use it regularly',5,'2025-06-14 13:46:51'),(18,5,'I have basic knowledge',3,'2025-06-14 13:46:51'),(19,5,'I’ve heard of it but never used it',1,'2025-06-14 13:46:51'),(20,6,'MySQL / PostgreSQL',5,'2025-06-14 13:46:51'),(21,6,'MongoDB',4,'2025-06-14 13:46:51'),(22,6,'Oracle',4,'2025-06-14 13:46:51'),(23,6,'I haven’t worked with databases',1,'2025-06-14 13:46:51'),(24,7,'Embedded Systems',1,'2025-06-14 13:50:33'),(25,7,'Web Development',5,'2025-06-14 13:50:33'),(26,7,'Database Systems',3,'2025-06-14 13:50:33'),(27,7,'Computer Networks',2,'2025-06-14 13:50:33'),(28,8,'Java',2,'2025-06-14 13:50:33'),(29,8,'C++',3,'2025-06-14 13:50:33'),(30,8,'Python',5,'2025-06-14 13:50:33'),(31,8,'HTML',1,'2025-06-14 13:50:33'),(32,9,'Cybersecurity',2,'2025-06-14 13:50:33'),(33,9,'Data Science',3,'2025-06-14 13:50:33'),(34,9,'Cloud Computing',5,'2025-06-14 13:50:33'),(35,9,'Operating Systems',1,'2025-06-14 13:50:33'),(36,10,'Hadoop',2,'2025-06-14 13:50:33'),(37,10,'Docker',5,'2025-06-14 13:50:33'),(38,10,'React',3,'2025-06-14 13:50:33'),(39,10,'SQL Server',3,'2025-06-14 13:50:33'),(40,11,'MongoDB',2,'2025-06-14 13:50:33'),(41,11,'PostgreSQL',5,'2025-06-14 13:50:33'),(42,11,'CouchDB',2,'2025-06-14 13:50:33'),(43,11,'Cassandra',2,'2025-06-14 13:50:33'),(44,12,'Sound signals',1,'2025-06-14 13:50:33'),(45,12,'Network security',2,'2025-06-14 13:50:33'),(46,12,'Visual data and image processing',5,'2025-06-14 13:50:33'),(47,12,'Cloud infrastructure',3,'2025-06-14 13:50:33'),(48,13,'Solo project from scratch',4,'2025-06-14 13:51:02'),(49,13,'Worked in a small team (2–5 people)',5,'2025-06-14 13:51:02'),(50,13,'Part of a large development team',4,'2025-06-14 13:51:02'),(51,13,'Contributed to open-source',5,'2025-06-14 13:51:02'),(52,13,'No project experience',1,'2025-06-14 13:51:02'),(53,14,'Yes, regularly',5,'2025-06-14 13:51:02'),(54,14,'Occasionally',3,'2025-06-14 13:51:02'),(55,14,'Aware of the process, not used',2,'2025-06-14 13:51:02'),(56,14,'Not familiar',1,'2025-06-14 13:51:02'),(57,15,'VS Code / IntelliJ / Eclipse',5,'2025-06-14 13:51:02'),(58,15,'GitHub / GitLab',5,'2025-06-14 13:51:02'),(59,15,'Postman / Swagger',4,'2025-06-14 13:51:02'),(60,15,'Jira / Trello',4,'2025-06-14 13:51:02'),(61,15,'None of the above',1,'2025-06-14 13:51:02'),(62,16,'Software Developer',5,'2025-06-14 13:55:25'),(63,16,'Network Administrator',3,'2025-06-14 13:55:25'),(64,16,'System Admin',3,'2025-06-14 13:55:25'),(65,16,'DB Admin',4,'2025-06-14 13:55:25'),(66,17,'Writing and debugging code',5,'2025-06-14 13:55:25'),(67,17,'Monitoring and configuring networks',3,'2025-06-14 13:55:25'),(68,17,'Analyzing system performance and improving workflows',4,'2025-06-14 13:55:25'),(69,17,'A combination of technical and analytical tasks',5,'2025-06-14 13:55:25'),(70,18,'Logic and algorithm-based coding challenges',5,'2025-06-14 13:55:25'),(71,18,'Diagnosing hardware or network issues',3,'2025-06-14 13:55:25'),(72,18,'Understanding user requirements and system workflows',4,'2025-06-14 13:55:25'),(73,18,'Optimizing performance in systems or infrastructure',4,'2025-06-14 13:55:25'),(74,19,'1',1,'2025-06-14 13:56:49'),(75,19,'2',2,'2025-06-14 13:56:49'),(76,19,'3',3,'2025-06-14 13:56:49'),(77,19,'4',4,'2025-06-14 13:56:49'),(78,19,'5',5,'2025-06-14 13:56:49'),(79,20,'1',1,'2025-06-14 13:56:49'),(80,20,'2',2,'2025-06-14 13:56:49'),(81,20,'3',3,'2025-06-14 13:56:49'),(82,20,'4',4,'2025-06-14 13:56:49'),(83,20,'5',5,'2025-06-14 13:56:49'),(84,21,'1',10,'2025-06-14 13:56:49'),(85,21,'24',222,'2025-06-14 13:56:49'),(86,21,'3',3,'2025-06-14 13:56:49'),(87,21,'4',8,'2025-06-14 13:56:49'),(89,22,'1',1,'2025-06-14 13:56:49'),(90,22,'2',2,'2025-06-14 13:56:49'),(91,22,'3',3,'2025-06-14 13:56:49'),(92,22,'4',4,'2025-06-14 13:56:49'),(93,22,'5',5,'2025-06-14 13:56:49'),(94,23,'1',1,'2025-06-14 13:56:49'),(95,23,'2',2,'2025-06-14 13:56:49'),(96,23,'3',3,'2025-06-14 13:56:49'),(97,23,'4',4,'2025-06-14 13:56:49'),(98,23,'5',5,'2025-06-14 13:56:49'),(99,24,'Office-based team collaboration',5,'2025-06-14 13:57:36'),(100,24,'Independent technical troubleshooting',4,'2025-06-14 13:57:36'),(101,24,'Client-facing problem-solving',4,'2025-06-14 13:57:36'),(102,24,'Flexible tech role',4,'2025-06-14 13:57:36'),(103,24,'Any',3,'2025-06-14 13:57:36'),(104,25,'Yes',5,'2025-06-14 13:57:36'),(105,25,'Occasionally',3,'2025-06-14 13:57:36'),(106,25,'No',1,'2025-06-14 13:57:36'),(107,25,'Not sure',2,'2025-06-14 13:57:36'),(108,26,'Online courses (Udemy, Coursera, etc.)',5,'2025-06-14 13:58:17'),(109,26,'Tech news/blogs (TechCrunch, Wired, etc.)',4,'2025-06-14 13:58:17'),(110,26,'YouTube tutorials and developer communities',4,'2025-06-14 13:58:17'),(111,26,'Certifications and training programs',5,'2025-06-14 13:58:17'),(112,26,'I don’t actively follow trends',1,'2025-06-14 13:58:17'),(113,27,'Building a web',5,'2025-06-14 13:58:17'),(114,27,'Designing and managing a network infrastructure',4,'2025-06-14 13:58:17'),(115,27,'Conducting a system / Software audit and proposing improvements',4,'2025-06-14 13:58:17'),(116,27,'Supporting end-users and troubleshooting hardware issues',3,'2025-06-14 13:58:17'),(117,27,'Coordinating between business and tech teams',4,'2025-06-14 13:58:17'),(118,28,'Front-end/UI development',5,'2025-06-14 13:58:17'),(119,28,'Back-end/API development',5,'2025-06-14 13:58:17'),(120,28,'Full-stack development',5,'2025-06-14 13:58:17'),(121,28,'I prefer infrastructure and system-level tasks',4,'2025-06-14 13:58:17'),(122,28,'I am still exploring',2,'2025-06-14 13:58:17'),(123,29,'Logical and methodical',5,'2025-06-14 13:58:37'),(124,29,'Creative and experimental',4,'2025-06-14 13:58:37'),(125,29,'Research-driven and analytical',5,'2025-06-14 13:58:37'),(126,29,'Collaborative and user-focused',4,'2025-06-14 13:58:37'),(127,29,'Trial-and-error based',2,'2025-06-14 13:58:37'),(128,30,'I work well and stay calm',5,'2025-06-14 13:58:37'),(129,30,'I try but may get stressed',3,'2025-06-14 13:58:37'),(130,30,'I struggle with tight deadlines',2,'2025-06-14 13:58:37'),(131,30,'I’ve never experienced that situation',2,'2025-06-14 13:58:37'),(132,30,'I always prioritize tasks to stay on track',5,'2025-06-14 13:58:37'),(133,31,'Hands-on practice',5,'2025-06-14 13:58:37'),(134,31,'Reading documentation',4,'2025-06-14 13:58:37'),(135,31,'Attending a workshop or course',4,'2025-06-14 13:58:37'),(136,31,'Learning from a mentor or colleague',4,'2025-06-14 13:58:37'),(137,31,'Watching tutorials or videos',4,'2025-06-14 13:58:37'),(140,1,'M.E./M.Tech/M.C.A',4,'2025-06-25 11:40:13'),(149,1,'Phd',5,'2025-07-07 09:23:30');
/*!40000 ALTER TABLE `options` ENABLE KEYS */;
UNLOCK TABLES;

--
-- Table structure for table `questions`
--

DROP TABLE IF EXISTS `questions`;
/*!40101 SET @saved_cs_client     = @@character_set_client */;
/*!50503 SET character_set_client = utf8mb4 */;
CREATE TABLE `questions` (
  `id` int NOT NULL AUTO_INCREMENT,
  `question_text` text NOT NULL,
  `created_at` datetime DEFAULT CURRENT_TIMESTAMP,
  `section_id` int DEFAULT NULL,
  PRIMARY KEY (`id`),
  KEY `fk_questions_sections` (`section_id`),
  CONSTRAINT `fk_questions_sections` FOREIGN KEY (`section_id`) REFERENCES `sections` (`id`)
) ENGINE=InnoDB AUTO_INCREMENT=38 DEFAULT CHARSET=utf8mb4 COLLATE=utf8mb4_0900_ai_ci;
/*!40101 SET character_set_client = @saved_cs_client */;

--
-- Dumping data for table `questions`
--

LOCK TABLES `questions` WRITE;
/*!40000 ALTER TABLE `questions` DISABLE KEYS */;
INSERT INTO `questions` VALUES (1,'What is your highest educational qualifications and specializations ?','2025-06-14 13:46:51',1),(2,'How many years of experience do you have in software development?','2025-06-14 13:46:51',1),(3,'What programming languages are you most comfortable with?','2025-06-14 13:46:51',1),(4,'Which frameworks/tools have you worked with extensively?','2025-06-14 13:46:51',1),(5,'Are you familiar with version control systems like Git?','2025-06-14 13:46:51',1),(6,'What type of databases have you worked with?','2025-06-14 13:46:51',1),(7,'Which segment focuses on building applications like websites and mobile apps?','2025-06-14 13:50:33',2),(8,'What is the primary language used in Machine Learning and AI?','2025-06-14 13:50:33',2),(9,'If you are configuring servers and deploying applications on AWS or Azure, you are working in:','2025-06-14 13:50:33',2),(10,'What would a DevOps Engineer most likely use?','2025-06-14 13:50:33',2),(11,'Which of the following is NOT a NoSQL database?','2025-06-14 13:50:33',2),(12,'Computer Vision primarily deals with:','2025-06-14 13:50:33',2),(13,'What best describes your recent project experience?','2025-06-14 13:51:02',3),(14,'Have you worked in an Agile/Scrum development process?','2025-06-14 13:51:02',3),(15,'Which development tools/environments do you commonly use?','2025-06-14 13:51:02',3),(16,'Which of the following roles are you most interested in?','2025-06-14 13:55:25',4),(17,'What kind of work excites you the most?','2025-06-14 13:55:25',4),(18,'Which type of problems do you enjoy solving most?','2025-06-14 13:55:25',4),(19,'Rate your interest in writing software/applications (1 = Not at all, 5 = Very Interested)','2025-06-14 13:56:49',5),(20,'Rate your interest in managing and configuring networks (1 = Not at all, 5 = Very Interested)','2025-06-14 13:56:49',5),(21,'Rate your interest in monitoring system performance (1 = Not at all, 5 = Very Interested)','2025-06-14 13:56:49',5),(22,'Rate your interest in working with hardware/network tools (1 = Not at all, 5 = Very Interested)','2025-06-14 13:56:49',5),(23,'Rate your interest in analyzing user/business requirements (1 = Not at all, 5 = Very Interested)','2025-06-14 13:56:49',5),(24,'What type of working environment do you prefer?','2025-06-14 13:57:36',6),(25,'Are you comfortable with roles involving on-call IT support or network monitoring?','2025-06-14 13:57:36',6),(26,'How do you stay updated with technology trends?','2025-06-14 13:58:17',7),(27,'Which type of project would you prefer working on?','2025-06-14 13:58:17',7),(28,'Which development approach are you most comfortable with?','2025-06-14 13:58:17',7),(29,'How would you describe your problem-solving approach?','2025-06-14 13:58:37',8),(30,'How do you handle deadlines under pressure?','2025-06-14 13:58:37',8),(31,'How do you prefer to learn a new technology?','2025-06-14 13:58:37',8);
/*!40000 ALTER TABLE `questions` ENABLE KEYS */;
UNLOCK TABLES;

--
-- Table structure for table `responses`
--

DROP TABLE IF EXISTS `responses`;
/*!40101 SET @saved_cs_client     = @@character_set_client */;
/*!50503 SET character_set_client = utf8mb4 */;
CREATE TABLE `responses` (
  `id` int NOT NULL AUTO_INCREMENT,
  `candidate_id` int NOT NULL,
  `question_id` int NOT NULL,
  `option_id` int NOT NULL,
  `rating` int NOT NULL,
  `ip_address` varchar(45) DEFAULT NULL,
  `submitted_at` datetime DEFAULT CURRENT_TIMESTAMP,
  PRIMARY KEY (`id`),
  UNIQUE KEY `candidate_id` (`candidate_id`,`question_id`),
  UNIQUE KEY `uq_candidate_question` (`candidate_id`,`question_id`),
  KEY `question_id` (`question_id`),
  KEY `option_id` (`option_id`),
  CONSTRAINT `responses_ibfk_1` FOREIGN KEY (`candidate_id`) REFERENCES `candidates` (`id`) ON DELETE CASCADE,
  CONSTRAINT `responses_ibfk_2` FOREIGN KEY (`question_id`) REFERENCES `questions` (`id`) ON DELETE CASCADE,
  CONSTRAINT `responses_ibfk_3` FOREIGN KEY (`option_id`) REFERENCES `options` (`id`) ON DELETE CASCADE
) ENGINE=InnoDB AUTO_INCREMENT=304 DEFAULT CHARSET=utf8mb4 COLLATE=utf8mb4_0900_ai_ci;
/*!40101 SET character_set_client = @saved_cs_client */;

--
-- Dumping data for table `responses`
--

LOCK TABLES `responses` WRITE;
/*!40000 ALTER TABLE `responses` DISABLE KEYS */;
INSERT INTO `responses` VALUES (273,1,1,1,1,'::1','2025-07-08 04:19:55'),(274,1,2,7,3,'::1','2025-07-08 04:19:55'),(275,1,3,12,3,'::1','2025-07-08 04:19:55'),(276,1,4,13,5,'::1','2025-07-08 04:19:55'),(277,1,5,18,3,'::1','2025-07-08 04:19:55'),(278,1,6,22,4,'::1','2025-07-08 04:19:55'),(279,1,7,24,1,'::1','2025-07-08 04:19:55'),(280,1,8,29,3,'::1','2025-07-08 04:19:55'),(281,1,9,33,3,'::1','2025-07-08 04:19:55'),(282,1,10,36,2,'::1','2025-07-08 04:19:55'),(283,1,11,41,5,'::1','2025-07-08 04:19:55'),(284,1,12,45,2,'::1','2025-07-08 04:19:55'),(285,1,13,48,4,'::1','2025-07-08 04:19:55'),(286,1,14,53,5,'::1','2025-07-08 04:19:55'),(287,1,15,59,4,'::1','2025-07-08 04:19:55'),(288,1,16,62,5,'::1','2025-07-08 04:19:55'),(289,1,17,68,4,'::1','2025-07-08 04:19:55'),(290,1,18,71,3,'::1','2025-07-08 04:19:55'),(291,1,19,74,1,'::1','2025-07-08 04:19:55'),(292,1,20,79,1,'::1','2025-07-08 04:19:55'),(293,1,21,84,10,'::1','2025-07-08 04:19:55'),(294,1,22,90,2,'::1','2025-07-08 04:19:55'),(295,1,23,95,2,'::1','2025-07-08 04:19:55'),(296,1,24,99,5,'::1','2025-07-08 04:19:55'),(297,1,25,104,5,'::1','2025-07-08 04:19:55'),(298,1,26,108,5,'::1','2025-07-08 04:19:55'),(299,1,27,114,4,'::1','2025-07-08 04:19:55'),(300,1,28,120,5,'::1','2025-07-08 04:19:55'),(301,1,29,123,5,'::1','2025-07-08 04:19:55'),(302,1,30,128,5,'::1','2025-07-08 04:19:55'),(303,1,31,134,4,'::1','2025-07-08 04:19:55');
/*!40000 ALTER TABLE `responses` ENABLE KEYS */;
UNLOCK TABLES;

--
-- Table structure for table `sections`
--

DROP TABLE IF EXISTS `sections`;
/*!40101 SET @saved_cs_client     = @@character_set_client */;
/*!50503 SET character_set_client = utf8mb4 */;
CREATE TABLE `sections` (
  `id` int NOT NULL AUTO_INCREMENT,
  `name` varchar(255) NOT NULL,
  `description` text,
  `exam_name` varchar(500) DEFAULT NULL,
  `created_at` datetime DEFAULT CURRENT_TIMESTAMP,
  PRIMARY KEY (`id`)
) ENGINE=InnoDB AUTO_INCREMENT=16 DEFAULT CHARSET=utf8mb4 COLLATE=utf8mb4_0900_ai_ci;
/*!40101 SET character_set_client = @saved_cs_client */;

--
-- Dumping data for table `sections`
--

LOCK TABLES `sections` WRITE;
/*!40000 ALTER TABLE `sections` DISABLE KEYS */;
INSERT INTO `sections` VALUES (1,'Technical Background & Skills','Section A','IA-2024','2025-06-14 13:42:02'),(2,'Technical Knowledge','Section B: MCQ Quiz: Segments of Computer Engineering','IA-2024','2025-06-14 13:42:02'),(3,'Project Experience','Section C','IA-2024','2025-06-14 13:42:02'),(4,'Role Preference','Section D: MCQ','IA-2024','2025-06-14 13:42:02'),(5,'Skill Confidence & Interest','Section E','IA-2024','2025-06-14 13:42:02'),(6,'Career Goals & Preferences','Section F','IA-2024','2025-06-14 13:42:02'),(7,'Technical Preferences','Section G','IA-2024','2025-06-14 13:42:02'),(8,'Soft Skills & Workstyle','Section H','IA-2024','2025-06-14 13:42:02'),(9,'Motivation & Fit','Section I','IA-2024','2025-06-14 13:42:02'),(11,'Ramessha','Rameshshjh','Programmer-2024','2025-06-26 10:15:40'),(13,'xffgfgfg','sssssssssss','Programmer-2024','2025-06-26 10:17:36'),(14,'Test','test','Programmer-2024','2025-07-08 05:27:16'),(15,'Testerer','Testeaerea','Programmer-2024','2025-07-08 05:29:52');
/*!40000 ALTER TABLE `sections` ENABLE KEYS */;
UNLOCK TABLES;

--
-- Table structure for table `users`
--

DROP TABLE IF EXISTS `users`;
/*!40101 SET @saved_cs_client     = @@character_set_client */;
/*!50503 SET character_set_client = utf8mb4 */;
CREATE TABLE `users` (
  `id` int NOT NULL AUTO_INCREMENT,
  `phone_number` varchar(20) NOT NULL,
  `password` varchar(255) NOT NULL,
  `role_id` int DEFAULT NULL,
  `is_active` int DEFAULT NULL,
  `created_at` datetime DEFAULT CURRENT_TIMESTAMP,
  PRIMARY KEY (`id`),
  UNIQUE KEY `phone_number` (`phone_number`)
) ENGINE=InnoDB AUTO_INCREMENT=7 DEFAULT CHARSET=utf8mb4 COLLATE=utf8mb4_0900_ai_ci;
/*!40101 SET character_set_client = @saved_cs_client */;

--
-- Dumping data for table `users`
--

LOCK TABLES `users` WRITE;
/*!40000 ALTER TABLE `users` DISABLE KEYS */;
INSERT INTO `users` VALUES (1,'8076626273','U2FsdGVkX18ND4qAQ5D1DSQkuDL9DAphACyY4vC8OE8=',NULL,NULL,'2025-06-14 16:00:39'),(6,'9413206493','U2FsdGVkX1+4HMBhQST4eGd1SAgoNL2ar5Gv/BI6NsA=',NULL,NULL,'2025-07-07 09:26:58');
/*!40000 ALTER TABLE `users` ENABLE KEYS */;
UNLOCK TABLES;

--
-- Dumping routines for database 'information_form'
--
/*!50003 DROP PROCEDURE IF EXISTS `AddQuestionToSection` */;
/*!50003 SET @saved_cs_client      = @@character_set_client */ ;
/*!50003 SET @saved_cs_results     = @@character_set_results */ ;
/*!50003 SET @saved_col_connection = @@collation_connection */ ;
/*!50003 SET character_set_client  = utf8mb4 */ ;
/*!50003 SET character_set_results = utf8mb4 */ ;
/*!50003 SET collation_connection  = utf8mb4_0900_ai_ci */ ;
/*!50003 SET @saved_sql_mode       = @@sql_mode */ ;
/*!50003 SET sql_mode              = '' */ ;
DELIMITER ;;
CREATE DEFINER=`admin`@`%` PROCEDURE `AddQuestionToSection`(
    IN p_section_id INT,
    IN p_question_text TEXT,
    IN p_options_json JSON
)
BEGIN
    DECLARE v_question_id INT;
    DECLARE i INT DEFAULT 0;
    DECLARE v_option_text TEXT;
    DECLARE v_rating INT;
    DECLARE v_options_count INT;

    -- Insert question
    INSERT INTO questions (section_id, question_text)
    VALUES (p_section_id, p_question_text);

    SET v_question_id = LAST_INSERT_ID();

    -- Count how many options
    SET v_options_count = JSON_LENGTH(p_options_json);

    WHILE i < v_options_count DO
        SET v_option_text = JSON_UNQUOTE(JSON_EXTRACT(p_options_json, CONCAT('$[', i, '].option_text')));
        SET v_rating = JSON_UNQUOTE(JSON_EXTRACT(p_options_json, CONCAT('$[', i, '].rating')));

        IF v_option_text IS NOT NULL AND v_rating IS NOT NULL THEN
            INSERT INTO options (question_id, text, rating)
            VALUES (v_question_id, v_option_text, v_rating);
        END IF;

        SET i = i + 1;
    END WHILE;
END ;;
DELIMITER ;
/*!50003 SET sql_mode              = @saved_sql_mode */ ;
/*!50003 SET character_set_client  = @saved_cs_client */ ;
/*!50003 SET character_set_results = @saved_cs_results */ ;
/*!50003 SET collation_connection  = @saved_col_connection */ ;
/*!50003 DROP PROCEDURE IF EXISTS `AddSection` */;
/*!50003 SET @saved_cs_client      = @@character_set_client */ ;
/*!50003 SET @saved_cs_results     = @@character_set_results */ ;
/*!50003 SET @saved_col_connection = @@collation_connection */ ;
/*!50003 SET character_set_client  = utf8mb4 */ ;
/*!50003 SET character_set_results = utf8mb4 */ ;
/*!50003 SET collation_connection  = utf8mb4_0900_ai_ci */ ;
/*!50003 SET @saved_sql_mode       = @@sql_mode */ ;
/*!50003 SET sql_mode              = '' */ ;
DELIMITER ;;
CREATE DEFINER=`admin`@`%` PROCEDURE `AddSection`(
    IN p_name VARCHAR(255),
    IN p_description TEXT,
    IN p_exam_name VARCHAR(255)
)
BEGIN
    INSERT INTO sections (name, description, exam_name)
    VALUES (p_name, p_description, p_exam_name);
END ;;
DELIMITER ;
/*!50003 SET sql_mode              = @saved_sql_mode */ ;
/*!50003 SET character_set_client  = @saved_cs_client */ ;
/*!50003 SET character_set_results = @saved_cs_results */ ;
/*!50003 SET collation_connection  = @saved_col_connection */ ;
/*!50003 DROP PROCEDURE IF EXISTS `AddSectionToNewExam` */;
/*!50003 SET @saved_cs_client      = @@character_set_client */ ;
/*!50003 SET @saved_cs_results     = @@character_set_results */ ;
/*!50003 SET @saved_col_connection = @@collation_connection */ ;
/*!50003 SET character_set_client  = utf8mb4 */ ;
/*!50003 SET character_set_results = utf8mb4 */ ;
/*!50003 SET collation_connection  = utf8mb4_0900_ai_ci */ ;
/*!50003 SET @saved_sql_mode       = @@sql_mode */ ;
/*!50003 SET sql_mode              = '' */ ;
DELIMITER ;;
CREATE DEFINER=`admin`@`%` PROCEDURE `AddSectionToNewExam`(
    IN section_name VARCHAR(255),
    IN exam_name VARCHAR(255)
)
BEGIN
    -- Insert the section into the sections table
    INSERT INTO sections (name, exam_name)
    VALUES (section_name, exam_name);
END ;;
DELIMITER ;
/*!50003 SET sql_mode              = @saved_sql_mode */ ;
/*!50003 SET character_set_client  = @saved_cs_client */ ;
/*!50003 SET character_set_results = @saved_cs_results */ ;
/*!50003 SET collation_connection  = @saved_col_connection */ ;
/*!50003 DROP PROCEDURE IF EXISTS `CreateAdmin` */;
/*!50003 SET @saved_cs_client      = @@character_set_client */ ;
/*!50003 SET @saved_cs_results     = @@character_set_results */ ;
/*!50003 SET @saved_col_connection = @@collation_connection */ ;
/*!50003 SET character_set_client  = utf8mb4 */ ;
/*!50003 SET character_set_results = utf8mb4 */ ;
/*!50003 SET collation_connection  = utf8mb4_0900_ai_ci */ ;
/*!50003 SET @saved_sql_mode       = @@sql_mode */ ;
/*!50003 SET sql_mode              = '' */ ;
DELIMITER ;;
CREATE DEFINER=`admin`@`%` PROCEDURE `CreateAdmin`(
  IN input_phone VARCHAR(20),
  IN input_password TEXT
)
BEGIN
  DECLARE existing_count INT;

  SELECT COUNT(*) INTO existing_count
  FROM users
  WHERE phone_number = input_phone;

  IF existing_count > 0 THEN
    SIGNAL SQLSTATE '45000'
      SET MESSAGE_TEXT = 'Admin with this contact already exists';
  ELSE
    INSERT INTO users (phone_number, password)
    VALUES (input_phone, input_password);
  END IF;
END ;;
DELIMITER ;
/*!50003 SET sql_mode              = @saved_sql_mode */ ;
/*!50003 SET character_set_client  = @saved_cs_client */ ;
/*!50003 SET character_set_results = @saved_cs_results */ ;
/*!50003 SET collation_connection  = @saved_col_connection */ ;
/*!50003 DROP PROCEDURE IF EXISTS `DeleteAdmin` */;
/*!50003 SET @saved_cs_client      = @@character_set_client */ ;
/*!50003 SET @saved_cs_results     = @@character_set_results */ ;
/*!50003 SET @saved_col_connection = @@collation_connection */ ;
/*!50003 SET character_set_client  = utf8mb4 */ ;
/*!50003 SET character_set_results = utf8mb4 */ ;
/*!50003 SET collation_connection  = utf8mb4_0900_ai_ci */ ;
/*!50003 SET @saved_sql_mode       = @@sql_mode */ ;
/*!50003 SET sql_mode              = '' */ ;
DELIMITER ;;
CREATE DEFINER=`admin`@`%` PROCEDURE `DeleteAdmin`(
  IN input_id INT
)
BEGIN
  DECLARE exists_check INT;

  SELECT COUNT(*) INTO exists_check FROM users WHERE id = input_id;

  IF exists_check = 0 THEN
    SIGNAL SQLSTATE '45000'
      SET MESSAGE_TEXT = 'Admin not found';
  ELSE
    DELETE FROM users WHERE id = input_id;
  END IF;
END ;;
DELIMITER ;
/*!50003 SET sql_mode              = @saved_sql_mode */ ;
/*!50003 SET character_set_client  = @saved_cs_client */ ;
/*!50003 SET character_set_results = @saved_cs_results */ ;
/*!50003 SET collation_connection  = @saved_col_connection */ ;
/*!50003 DROP PROCEDURE IF EXISTS `delete_question` */;
/*!50003 SET @saved_cs_client      = @@character_set_client */ ;
/*!50003 SET @saved_cs_results     = @@character_set_results */ ;
/*!50003 SET @saved_col_connection = @@collation_connection */ ;
/*!50003 SET character_set_client  = utf8mb4 */ ;
/*!50003 SET character_set_results = utf8mb4 */ ;
/*!50003 SET collation_connection  = utf8mb4_0900_ai_ci */ ;
/*!50003 SET @saved_sql_mode       = @@sql_mode */ ;
/*!50003 SET sql_mode              = '' */ ;
DELIMITER ;;
CREATE DEFINER=`admin`@`%` PROCEDURE `delete_question`(IN p_question_id INT)
BEGIN
  -- Delete all options linked to the question
  DELETE FROM options WHERE question_id = p_question_id;

  -- Delete the question itself
  DELETE FROM questions WHERE id = p_question_id;
END ;;
DELIMITER ;
/*!50003 SET sql_mode              = @saved_sql_mode */ ;
/*!50003 SET character_set_client  = @saved_cs_client */ ;
/*!50003 SET character_set_results = @saved_cs_results */ ;
/*!50003 SET collation_connection  = @saved_col_connection */ ;
/*!50003 DROP PROCEDURE IF EXISTS `FetchCandidateResponsesByRollNo` */;
/*!50003 SET @saved_cs_client      = @@character_set_client */ ;
/*!50003 SET @saved_cs_results     = @@character_set_results */ ;
/*!50003 SET @saved_col_connection = @@collation_connection */ ;
/*!50003 SET character_set_client  = utf8mb4 */ ;
/*!50003 SET character_set_results = utf8mb4 */ ;
/*!50003 SET collation_connection  = utf8mb4_0900_ai_ci */ ;
/*!50003 SET @saved_sql_mode       = @@sql_mode */ ;
/*!50003 SET sql_mode              = '' */ ;
DELIMITER ;;
CREATE DEFINER=`admin`@`%` PROCEDURE `FetchCandidateResponsesByRollNo`(
  IN input_roll_no VARCHAR(255)
)
BEGIN
  DECLARE cid INT;

  -- Get candidate ID using roll_no
  SELECT id INTO cid FROM candidates WHERE roll_no = input_roll_no;

  -- If not found, return an empty result
  IF cid IS NULL THEN
    SELECT NULL AS question_id, NULL AS question_text, NULL AS option_text, NULL AS rating WHERE FALSE;
  ELSE
    -- Fetch candidate responses
    SELECT 
      r.question_id,
      q.question_text AS question_text,
      o.text AS option_text,
      r.rating
    FROM responses r
    JOIN questions q ON r.question_id = q.id
    LEFT JOIN options o ON r.option_id = o.id
    WHERE r.candidate_id = cid
    ORDER BY r.question_id;
  END IF;
END ;;
DELIMITER ;
/*!50003 SET sql_mode              = @saved_sql_mode */ ;
/*!50003 SET character_set_client  = @saved_cs_client */ ;
/*!50003 SET character_set_results = @saved_cs_results */ ;
/*!50003 SET collation_connection  = @saved_col_connection */ ;
/*!50003 DROP PROCEDURE IF EXISTS `GetAllAdmins` */;
/*!50003 SET @saved_cs_client      = @@character_set_client */ ;
/*!50003 SET @saved_cs_results     = @@character_set_results */ ;
/*!50003 SET @saved_col_connection = @@collation_connection */ ;
/*!50003 SET character_set_client  = utf8mb4 */ ;
/*!50003 SET character_set_results = utf8mb4 */ ;
/*!50003 SET collation_connection  = utf8mb4_0900_ai_ci */ ;
/*!50003 SET @saved_sql_mode       = @@sql_mode */ ;
/*!50003 SET sql_mode              = '' */ ;
DELIMITER ;;
CREATE DEFINER=`admin`@`%` PROCEDURE `GetAllAdmins`()
BEGIN
  SELECT id, phone_number FROM users;
END ;;
DELIMITER ;
/*!50003 SET sql_mode              = @saved_sql_mode */ ;
/*!50003 SET character_set_client  = @saved_cs_client */ ;
/*!50003 SET character_set_results = @saved_cs_results */ ;
/*!50003 SET collation_connection  = @saved_col_connection */ ;
/*!50003 DROP PROCEDURE IF EXISTS `GetAllQuestions` */;
/*!50003 SET @saved_cs_client      = @@character_set_client */ ;
/*!50003 SET @saved_cs_results     = @@character_set_results */ ;
/*!50003 SET @saved_col_connection = @@collation_connection */ ;
/*!50003 SET character_set_client  = utf8mb4 */ ;
/*!50003 SET character_set_results = utf8mb4 */ ;
/*!50003 SET collation_connection  = utf8mb4_0900_ai_ci */ ;
/*!50003 SET @saved_sql_mode       = @@sql_mode */ ;
/*!50003 SET sql_mode              = '' */ ;
DELIMITER ;;
CREATE DEFINER=`admin`@`%` PROCEDURE `GetAllQuestions`()
BEGIN
  SELECT 
    s.id AS section_id, s.name AS section_name, s.exam_name,
    q.id AS question_id, q.question_text AS question_text,
    o.id AS option_id, o.text AS option_text, o.rating
  FROM sections s
  JOIN questions q ON q.section_id = s.id
  LEFT JOIN options o ON o.question_id = q.id
  ORDER BY s.id, q.id, o.id;
END ;;
DELIMITER ;
/*!50003 SET sql_mode              = @saved_sql_mode */ ;
/*!50003 SET character_set_client  = @saved_cs_client */ ;
/*!50003 SET character_set_results = @saved_cs_results */ ;
/*!50003 SET collation_connection  = @saved_col_connection */ ;
/*!50003 DROP PROCEDURE IF EXISTS `GetExamNames` */;
/*!50003 SET @saved_cs_client      = @@character_set_client */ ;
/*!50003 SET @saved_cs_results     = @@character_set_results */ ;
/*!50003 SET @saved_col_connection = @@collation_connection */ ;
/*!50003 SET character_set_client  = utf8mb4 */ ;
/*!50003 SET character_set_results = utf8mb4 */ ;
/*!50003 SET collation_connection  = utf8mb4_0900_ai_ci */ ;
/*!50003 SET @saved_sql_mode       = @@sql_mode */ ;
/*!50003 SET sql_mode              = '' */ ;
DELIMITER ;;
CREATE DEFINER=`admin`@`%` PROCEDURE `GetExamNames`()
BEGIN
    SELECT exam_name
    FROM sections
    GROUP BY exam_name;
END ;;
DELIMITER ;
/*!50003 SET sql_mode              = @saved_sql_mode */ ;
/*!50003 SET character_set_client  = @saved_cs_client */ ;
/*!50003 SET character_set_results = @saved_cs_results */ ;
/*!50003 SET collation_connection  = @saved_col_connection */ ;
/*!50003 DROP PROCEDURE IF EXISTS `LoginAdmin` */;
/*!50003 SET @saved_cs_client      = @@character_set_client */ ;
/*!50003 SET @saved_cs_results     = @@character_set_results */ ;
/*!50003 SET @saved_col_connection = @@collation_connection */ ;
/*!50003 SET character_set_client  = utf8mb4 */ ;
/*!50003 SET character_set_results = utf8mb4 */ ;
/*!50003 SET collation_connection  = utf8mb4_0900_ai_ci */ ;
/*!50003 SET @saved_sql_mode       = @@sql_mode */ ;
/*!50003 SET sql_mode              = '' */ ;
DELIMITER ;;
CREATE DEFINER=`admin`@`%` PROCEDURE `LoginAdmin`(
  IN input_phone VARCHAR(20)
)
BEGIN
  SELECT id, phone_number, password
  FROM users
  WHERE phone_number = input_phone;
END ;;
DELIMITER ;
/*!50003 SET sql_mode              = @saved_sql_mode */ ;
/*!50003 SET character_set_client  = @saved_cs_client */ ;
/*!50003 SET character_set_results = @saved_cs_results */ ;
/*!50003 SET collation_connection  = @saved_col_connection */ ;
/*!50003 DROP PROCEDURE IF EXISTS `SubmitBulkResponses` */;
/*!50003 SET @saved_cs_client      = @@character_set_client */ ;
/*!50003 SET @saved_cs_results     = @@character_set_results */ ;
/*!50003 SET @saved_col_connection = @@collation_connection */ ;
/*!50003 SET character_set_client  = utf8mb4 */ ;
/*!50003 SET character_set_results = utf8mb4 */ ;
/*!50003 SET collation_connection  = utf8mb4_0900_ai_ci */ ;
/*!50003 SET @saved_sql_mode       = @@sql_mode */ ;
/*!50003 SET sql_mode              = '' */ ;
DELIMITER ;;
CREATE DEFINER=`admin`@`%` PROCEDURE `SubmitBulkResponses`(
  IN p_roll_no VARCHAR(255),
  IN p_ip_address VARCHAR(255),
  IN p_json_responses JSON
)
BEGIN
  -- ✅ All variable declarations must come first
  DECLARE v_candidate_id INT;
  DECLARE i INT DEFAULT 0;
  DECLARE total INT;
  DECLARE q_id INT;
  DECLARE o_id INT;
  DECLARE rating INT;

  -- ✅ Now safe to use SQL statements
  SELECT id INTO v_candidate_id
  FROM candidates
  WHERE roll_no = p_roll_no
  LIMIT 1;

  IF v_candidate_id IS NULL THEN
    SIGNAL SQLSTATE '45000' SET MESSAGE_TEXT = 'Candidate not found';
  END IF;

  -- ✅ Assign total JSON items AFTER variable declaration
  SET total = JSON_LENGTH(p_json_responses);

  WHILE i < total DO
    SET q_id = JSON_UNQUOTE(JSON_EXTRACT(p_json_responses, CONCAT('$[', i, '].question_id')));
    SET o_id = JSON_UNQUOTE(JSON_EXTRACT(p_json_responses, CONCAT('$[', i, '].option_id')));
    SET rating = JSON_UNQUOTE(JSON_EXTRACT(p_json_responses, CONCAT('$[', i, '].rating')));

    IF q_id IS NOT NULL AND o_id IS NOT NULL AND rating IS NOT NULL THEN
      INSERT INTO responses (candidate_id, question_id, option_id, rating, ip_address)
      VALUES (v_candidate_id, q_id, o_id, rating, p_ip_address)
      ON DUPLICATE KEY UPDATE
        option_id = VALUES(option_id),
        rating = VALUES(rating),
        ip_address = VALUES(ip_address);
    END IF;

    SET i = i + 1;
  END WHILE;
END ;;
DELIMITER ;
/*!50003 SET sql_mode              = @saved_sql_mode */ ;
/*!50003 SET character_set_client  = @saved_cs_client */ ;
/*!50003 SET character_set_results = @saved_cs_results */ ;
/*!50003 SET collation_connection  = @saved_col_connection */ ;
SET @@SESSION.SQL_LOG_BIN = @MYSQLDUMP_TEMP_LOG_BIN;
/*!40103 SET TIME_ZONE=@OLD_TIME_ZONE */;

/*!40101 SET SQL_MODE=@OLD_SQL_MODE */;
/*!40014 SET FOREIGN_KEY_CHECKS=@OLD_FOREIGN_KEY_CHECKS */;
/*!40014 SET UNIQUE_CHECKS=@OLD_UNIQUE_CHECKS */;
/*!40101 SET CHARACTER_SET_CLIENT=@OLD_CHARACTER_SET_CLIENT */;
/*!40101 SET CHARACTER_SET_RESULTS=@OLD_CHARACTER_SET_RESULTS */;
/*!40101 SET COLLATION_CONNECTION=@OLD_COLLATION_CONNECTION */;
/*!40111 SET SQL_NOTES=@OLD_SQL_NOTES */;

-- Dump completed on 2025-07-08 16:24:09
